Philis,Bailess,pbailess0@studiopress.com,Female
Livvy,Saylor,lsaylor1@noaa.gov,Female
Ariela,Stivens,astivens2@cmu.edu,Female
Gav,Dorricott,gdorricott3@nymag.com,Male
Morgun,De Zuani,mdezuani4@networksolutions.com,Male
Audy,Drohan,adrohan5@wsj.com,Female
Shepard,Insley,sinsley6@tripadvisor.com,Male
Jard,Le Fevre,jlefevre7@columbia.edu,Male
Romonda,Poschel,rposchel8@pbs.org,Female
Vita,Bromehead,vbromehead9@homestead.com,Female
Leigh,Hubber,lhubbera@yellowpages.com,Female
Noami,Duffit,nduffitb@meetup.com,Female
Doralin,Florio,dflorioc@twitpic.com,Female
Ian,Langwade,ilangwaded@opensource.org,Male
Dee dee,Barhams,dbarhamse@berkeley.edu,Female
Mohandis,McDonand,mmcdonandf@prnewswire.com,Male
Chevy,Costa,ccostag@networkadvertising.org,Male
Peggi,Basek,pbasekh@smugmug.com,Female
Cassey,End,cendi@si.edu,Female
Sarine,Gai,sgaij@oracle.com,Female
Marijn,Magenny,mmagennyk@comcast.net,Male
Rosette,Manuely,rmanuelyl@google.de,Female
Dina,Moncreiffe,dmoncreiffem@epa.gov,Female
Marthe,Garrals,mgarralsn@indiegogo.com,Female
Anna-diana,Fenkel,afenkelo@devhub.com,Female
Elva,O'Crigane,eocriganep@yelp.com,Female
Pansy,Semiras,psemirasq@imdb.com,Female
Talbert,Sharper,tsharperr@sourceforge.net,Male
Doralin,Larway,dlarways@domainmarket.com,Female
Philis,Dovidaitis,pdovidaitist@gravatar.com,Genderfluid
Alana,Stroder,astroderu@furl.net,Female
Lian,Noton,lnotonv@amazon.de,Female
Giffy,Ewens,gewensw@blinklist.com,Male
Ruthe,Bambrough,rbambroughx@facebook.com,Polygender
Cordie,Strete,cstretey@squidoo.com,Male
Wilhelmine,Ackrill,wackrillz@hp.com,Female
Emile,Camerello,ecamerello10@fda.gov,Male
Portia,Tall,ptall11@house.gov,Female
Mayor,Menauteau,mmenauteau12@360.cn,Male
Sapphira,Armstead,sarmstead13@parallels.com,Female
Iggy,Pitkins,ipitkins14@epa.gov,Male
Prisca,Bougourd,pbougourd15@senate.gov,Female
Nichole,Karsh,nkarsh16@baidu.com,Male
Leora,Mackison,lmackison17@eventbrite.com,Female
Lombard,Spellacy,lspellacy18@chron.com,Male
Olly,Costan,ocostan19@cnet.com,Female
Cherianne,Duffil,cduffil1a@baidu.com,Genderqueer
Blinnie,Bouette,bbouette1b@uol.com.br,Female
Ardeen,Handrok,ahandrok1c@devhub.com,Female
Brice,Asple,basple1d@prnewswire.com,Male
Whit,Livermore,wlivermore1e@domainmarket.com,Male
Norton,Liddiatt,nliddiatt1f@surveymonkey.com,Male
Koralle,Merryweather,kmerryweather1g@t.co,Female
Palmer,Grasha,pgrasha1h@wordpress.org,Male
Kathi,Mitchel,kmitchel1i@cargocollective.com,Genderqueer
Keene,Sprowle,ksprowle1j@so-net.ne.jp,Male
Gerhardine,Shmyr,gshmyr1k@bing.com,Bigender
Linet,Dinzey,ldinzey1l@storify.com,Female
Padraic,Hindshaw,phindshaw1m@dell.com,Male
Charisse,Tune,ctune1n@cornell.edu,Female
Kirstyn,Bolliver,kbolliver1o@infoseek.co.jp,Female
Dwayne,Sarch,dsarch1p@live.com,Male
Evan,Paradyce,eparadyce1q@360.cn,Male
Faythe,Mallabon,fmallabon1r@vimeo.com,Female
Joni,Runnett,jrunnett1s@sogou.com,Female
Aeriell,Pennini,apennini1t@fema.gov,Female
Kara-lynn,Climson,kclimson1u@amazonaws.com,Female
Kirk,McAuley,kmcauley1v@loc.gov,Male
Melloney,Preshaw,mpreshaw1w@buzzfeed.com,Female
Decca,Underhill,dunderhill1x@blinklist.com,Male
Daphne,Hutcheon,dhutcheon1y@google.co.uk,Agender
Weidar,Rosbotham,wrosbotham1z@newsvine.com,Male
Cornie,Davley,cdavley20@fastcompany.com,Male
Storm,Robilart,srobilart21@mashable.com,Agender
Micky,Brookz,mbrookz22@booking.com,Male
Siward,Sanderson,ssanderson23@bbc.co.uk,Male
Melesa,Tinkler,mtinkler24@goo.ne.jp,Female
Lisle,Hulke,lhulke25@wordpress.org,Male
Donnell,Berryann,dberryann26@so-net.ne.jp,Male
Marietta,Skechley,mskechley27@woothemes.com,Male
Floria,Elsley,felsley28@miibeian.gov.cn,Non-binary
Johannah,Imlacke,jimlacke29@prnewswire.com,Female
Karole,Boorman,kboorman2a@behance.net,Female
Collie,Luto,cluto2b@privacy.gov.au,Female
Illa,Annand,iannand2c@engadget.com,Genderfluid
Maurizio,Serrurier,mserrurier2d@nhs.uk,Male
Fan,Hek,fhek2e@oakley.com,Female
Barbe,Bitten,bbitten2f@wisc.edu,Female
Genevieve,Besset,gbesset2g@zimbio.com,Female
Donall,Faivre,dfaivre2h@webeden.co.uk,Male
Meryl,Aberdeen,maberdeen2i@pagesperso-orange.fr,Male
Loralee,Gudyer,lgudyer2j@flickr.com,Female
Nell,Ellissen,nellissen2k@prlog.org,Female
Ruperta,Taggerty,rtaggerty2l@etsy.com,Female
Kaila,Leggan,kleggan2m@themeforest.net,Female
Sauncho,Samples,ssamples2n@cam.ac.uk,Male
Cornie,Orrey,correy2o@home.pl,Genderqueer
Bruce,Innis,binnis2p@example.com,Male
Allayne,Goodbody,agoodbody2q@census.gov,Male
Anthia,Coultous,acoultous2r@weibo.com,Female
Liliane,Conyard,lconyard2s@acquirethisname.com,Female
Johnathon,Marchetti,jmarchetti2t@xrea.com,Male
Woody,Dooher,wdooher2u@liveinternet.ru,Male
Stevena,Derdes,sderdes2v@mashable.com,Female
Audie,Plumridge,aplumridge2w@123-reg.co.uk,Female
Aggi,Robe,arobe2x@illinois.edu,Female
Olive,Dyerson,odyerson2y@yolasite.com,Female
Seamus,Bloys,sbloys2z@merriam-webster.com,Male
Priscilla,Quelch,pquelch30@networkadvertising.org,Female
Ramona,Alejo,ralejo31@wunderground.com,Female
Meghan,Ingley,mingley32@ask.com,Female
Russell,Cawthery,rcawthery33@cdc.gov,Male
Lu,Barhems,lbarhems34@jiathis.com,Female
Lebbie,Jesteco,ljesteco35@vinaora.com,Female
Edd,Tamas,etamas36@google.co.uk,Male
Antons,Tooze,atooze37@xing.com,Male
Pavlov,Pietasch,ppietasch38@blogspot.com,Male
Ruben,Comelli,rcomelli39@biblegateway.com,Male
Tobi,Cantillion,tcantillion3a@tiny.cc,Genderfluid
Hermie,Isham,hisham3b@redcross.org,Male
Udale,Rourke,urourke3c@posterous.com,Male
Violante,Bernuzzi,vbernuzzi3d@acquirethisname.com,Female
Dania,Grimster,dgrimster3e@goo.ne.jp,Female
Bunny,Matterdace,bmatterdace3f@princeton.edu,Female
Margarete,Busson,mbusson3g@uiuc.edu,Agender
Sylvan,Coupland,scoupland3h@nationalgeographic.com,Male
Jane,Ferreiro,jferreiro3i@imdb.com,Female
Tarrah,Pourveer,tpourveer3j@sbwire.com,Female
Corby,Harses,charses3k@huffingtonpost.com,Male
Tobit,MacFaul,tmacfaul3l@amazonaws.com,Agender
Lazaro,Stellman,lstellman3m@ezinearticles.com,Male
Ruttger,Martineau,rmartineau3n@github.com,Male
Harvey,Dubois,hdubois3o@instagram.com,Male
Rolando,Vant,rvant3p@diigo.com,Male
Sloane,Radford,sradford3q@delicious.com,Male
Breena,Clue,bclue3r@elpais.com,Female
Gwenneth,Hurt,ghurt3s@squarespace.com,Female
Quintilla,Askam,qaskam3t@google.ru,Female
Marcelo,Wickens,mwickens3u@example.com,Male
Lotta,Lushey,llushey3v@clickbank.net,Female
Denny,Thelwll,dthelwll3w@live.com,Male
Monti,Fick,mfick3x@oaic.gov.au,Male
Claudio,Slane,cslane3y@discuz.net,Male
Eunice,Soar,esoar3z@fotki.com,Female
Kary,Adenot,kadenot40@google.fr,Female
Denyse,Larrat,dlarrat41@icio.us,Female
Clementine,Lynam,clynam42@hibu.com,Polygender
Hillier,Mulcock,hmulcock43@tripadvisor.com,Agender
Vivi,Cline,vcline44@clickbank.net,Female
Russell,Barke,rbarke45@newyorker.com,Male
Munmro,Wainer,mwainer46@github.com,Male
Rowan,Hacun,rhacun47@hexun.com,Male
Dukie,Tetsall,dtetsall48@live.com,Male
Inigo,Lequeux,ilequeux49@cbslocal.com,Male
Jammal,Cancelier,jcancelier4a@cdbaby.com,Male
Kenyon,Parratt,kparratt4b@taobao.com,Male
Tadio,Vise,tvise4c@smugmug.com,Male
Basil,Chowne,bchowne4d@pen.io,Male
Shea,Rappa,srappa4e@tripod.com,Non-binary
Kenyon,Jantzen,kjantzen4f@bing.com,Polygender
Ignace,Pastor,ipastor4g@about.com,Male
Jerrylee,Balhatchet,jbalhatchet4h@techcrunch.com,Female
Camille,Lapsley,clapsley4i@twitter.com,Female
Kylie,McNish,kmcnish4j@census.gov,Male
Isadore,Kinver,ikinver4k@paypal.com,Male
Adelbert,Warcop,awarcop4l@apple.com,Male
Kingsley,Awcock,kawcock4m@so-net.ne.jp,Agender
Lionello,Torrecilla,ltorrecilla4n@apple.com,Male
Raynard,Cow,rcow4o@slideshare.net,Male
Marlo,Cowlishaw,mcowlishaw4p@marriott.com,Male
Lorinda,Sibbering,lsibbering4q@shutterfly.com,Female
Dell,MacLucais,dmaclucais4r@ask.com,Female
Rozelle,Weetch,rweetch4s@discuz.net,Female
Waylan,Harverson,wharverson4t@flavors.me,Male
Wood,Marin,wmarin4u@nasa.gov,Male
Seward,Emney,semney4v@marriott.com,Male
Daveen,Geale,dgeale4w@craigslist.org,Female
Kellsie,Allison,kallison4x@yahoo.com,Female
Kass,McSkin,kmcskin4y@google.com.br,Female
Scotti,Coogan,scoogan4z@creativecommons.org,Male
Melba,Abramamov,mabramamov50@prnewswire.com,Female
Trever,Stelljes,tstelljes51@mozilla.org,Male
Beaufort,Marcome,bmarcome52@goo.gl,Male
Alis,Dayborne,adayborne53@theglobeandmail.com,Female
Bone,Cruces,bcruces54@fastcompany.com,Male
Marietta,Wheowall,mwheowall55@wunderground.com,Male
Annalee,Tabour,atabour56@aboutads.info,Female
Julio,Del Checolo,jdelchecolo57@china.com.cn,Male
Neely,Janman,njanman58@census.gov,Female
Kendre,McGready,kmcgready59@delicious.com,Polygender
Dennie,Heephy,dheephy5a@rambler.ru,Male
Wadsworth,Master,wmaster5b@hud.gov,Male
Bee,Doget,bdoget5c@cloudflare.com,Female
Henry,Challiss,hchalliss5d@ft.com,Male
Rhianna,Gascoine,rgascoine5e@i2i.jp,Female
Bryna,Esgate,besgate5f@squidoo.com,Female
Cordell,Duggon,cduggon5g@sbwire.com,Male
Teddy,O'Kielt,tokielt5h@sourceforge.net,Female
Lissi,Lightbody,llightbody5i@gnu.org,Female
Devina,Bloschke,dbloschke5j@ameblo.jp,Female
Calla,Kingaby,ckingaby5k@sina.com.cn,Female
Caroline,Fellon,cfellon5l@jiathis.com,Female
Claudie,Hadeke,chadeke5m@msn.com,Female
Kristi,Howsego,khowsego5n@rambler.ru,Genderfluid
Iggy,Milch,imilch5o@sbwire.com,Male
Hermina,Sollars,hsollars5p@newyorker.com,Female
Morry,Henriques,mhenriques5q@upenn.edu,Male
Margie,Kibard,mkibard5r@unesco.org,Female
Dave,Plumley,dplumley5s@nationalgeographic.com,Male
Alameda,Wroth,awroth5t@fc2.com,Female
Erv,Stabbins,estabbins5u@howstuffworks.com,Male
Lianna,Hymans,lhymans5v@ted.com,Female
Tedi,Leat,tleat5w@meetup.com,Female
Hyacinthe,Scraggs,hscraggs5x@ebay.co.uk,Female
Alard,Iacovino,aiacovino5y@domainmarket.com,Male
Aluin,Chawkley,achawkley5z@comsenz.com,Male
Pepe,Blake,pblake60@live.com,Male
Alan,Hanniger,ahanniger61@vk.com,Male
Ring,Willbourne,rwillbourne62@bbb.org,Male
Flem,Coverdale,fcoverdale63@sfgate.com,Genderfluid
Ninetta,Shillabeer,nshillabeer64@sourceforge.net,Female
Debbi,Cobden,dcobden65@example.com,Female
Avie,Boother,aboother66@slideshare.net,Female
Lucio,Hussey,lhussey67@canalblog.com,Male
Ardelia,Robet,arobet68@smh.com.au,Female
Bobbe,Behnke,bbehnke69@webeden.co.uk,Female
Bryon,Zanetello,bzanetello6a@statcounter.com,Male
Dannie,Vicary,dvicary6b@mozilla.org,Male
Tate,Dykes,tdykes6c@g.co,Female
Steffane,Sidon,ssidon6d@wsj.com,Female
Corenda,Ca,cca6e@mashable.com,Female
Catherina,Dillimore,cdillimore6f@ftc.gov,Female
Madelena,Normanville,mnormanville6g@topsy.com,Female
Catriona,Boyce,cboyce6h@dedecms.com,Female
Ivy,Roelofsen,iroelofsen6i@csmonitor.com,Female
Kliment,Brundell,kbrundell6j@163.com,Male
Eamon,Ivashnikov,eivashnikov6k@canalblog.com,Male
Vikki,Mattia,vmattia6l@t-online.de,Female
Jami,Crilly,jcrilly6m@cbsnews.com,Female
Almeda,Barwell,abarwell6n@1688.com,Female
Flinn,Ault,fault6o@ted.com,Male
Robbie,Mitchard,rmitchard6p@auda.org.au,Female
Gayleen,Clatworthy,gclatworthy6q@berkeley.edu,Female
Caryl,Geraud,cgeraud6r@umich.edu,Female
Lillis,MacFaul,lmacfaul6s@cnn.com,Female
Herschel,Franzolini,hfranzolini6t@nba.com,Male
Hamnet,Phelan,hphelan6u@netvibes.com,Male
Sal,Britcher,sbritcher6v@last.fm,Female
Terrill,Jaume,tjaume6w@altervista.org,Male
Tomaso,Klageman,tklageman6x@wired.com,Male
Jerad,Drinkale,jdrinkale6y@irs.gov,Male
Krystalle,Casson,kcasson6z@purevolume.com,Female
Lemuel,Maceur,lmaceur70@macromedia.com,Male
Filia,Abramovici,fabramovici71@t.co,Female
Eldin,Smaleman,esmaleman72@cafepress.com,Male
Gabbie,Plewes,gplewes73@simplemachines.org,Male
Damian,Gladeche,dgladeche74@buzzfeed.com,Genderfluid
Karil,Kadar,kkadar75@parallels.com,Bigender
Kaylee,Chivers,kchivers76@wisc.edu,Female
Aguie,Dykins,adykins77@netvibes.com,Male
Felike,Muir,fmuir78@house.gov,Male
Anya,Fallows,afallows79@pcworld.com,Female
Barnabe,MacKowle,bmackowle7a@mediafire.com,Male
Kamila,Gerok,kgerok7b@newsvine.com,Female
Rudie,Echlin,rechlin7c@cnbc.com,Male
Burgess,Nichol,bnichol7d@canalblog.com,Male
Bo,Philler,bphiller7e@newyorker.com,Male
Duff,Paladino,dpaladino7f@geocities.com,Male
Silvanus,Jefferson,sjefferson7g@biblegateway.com,Male
Kalindi,O'Logan,kologan7h@forbes.com,Female
Tedi,Eslinger,teslinger7i@w3.org,Agender
Linnea,Prince,lprince7j@sun.com,Female
Harlen,Tumbridge,htumbridge7k@youtube.com,Male
Dorella,Bryning,dbryning7l@businesswire.com,Female
Adrea,Tayler,atayler7m@istockphoto.com,Female
Ardyth,Corneille,acorneille7n@jugem.jp,Female
Eduardo,Pfeiffer,epfeiffer7o@google.co.jp,Male
Braden,Isacoff,bisacoff7p@home.pl,Male
Berky,Bee,bbee7q@tripod.com,Male
Ursuline,Ballinger,uballinger7r@g.co,Female
Bryon,Rosas,brosas7s@independent.co.uk,Male
Janeta,Branwhite,jbranwhite7t@trellian.com,Female
Barnabas,Reburn,breburn7u@dailymotion.com,Male
Kevyn,Fanshaw,kfanshaw7v@reddit.com,Non-binary
Thayne,Chinnock,tchinnock7w@blog.com,Male
Lynnet,Marsden,lmarsden7x@livejournal.com,Genderqueer
Nicolais,Cargenven,ncargenven7y@flickr.com,Male
Priscella,Venable,pvenable7z@homestead.com,Female
Redford,Videler,rvideler80@cloudflare.com,Male
Curtis,Vittle,cvittle81@constantcontact.com,Male
Kathy,Gallego,kgallego82@newsvine.com,Female
Reba,Blethyn,rblethyn83@sfgate.com,Female
Felicio,Hecks,fhecks84@scientificamerican.com,Male
Lethia,Mowling,lmowling85@twitter.com,Female
Kristyn,Maroney,kmaroney86@loc.gov,Female
Kinsley,Gierth,kgierth87@cdc.gov,Male
Birch,Ring,bring88@topsy.com,Male
Yuri,Matts,ymatts89@yale.edu,Male
Caril,Brindle,cbrindle8a@businesswire.com,Female
Elias,Hugonet,ehugonet8b@fda.gov,Male
Buckie,Shelford,bshelford8c@buzzfeed.com,Male
Alfons,Cathel,acathel8d@booking.com,Male
Evyn,Shillitto,eshillitto8e@deviantart.com,Male
Rory,Aspital,raspital8f@xinhuanet.com,Female
Eadith,McKea,emckea8g@wired.com,Female
Aurea,Bottomore,abottomore8h@cdc.gov,Female
Katinka,Gallone,kgallone8i@mac.com,Female
Sam,Trewhitt,strewhitt8j@meetup.com,Male
Heidi,Crohan,hcrohan8k@google.es,Female
Theodor,Healings,thealings8l@census.gov,Non-binary
Ray,Bordes,rbordes8m@instagram.com,Female
Cary,Artis,cartis8n@weebly.com,Male
Rainer,Abadam,rabadam8o@msu.edu,Male
Clotilda,Malham,cmalham8p@odnoklassniki.ru,Non-binary
Shoshanna,Colleford,scolleford8q@tuttocitta.it,Genderqueer
Early,Marten,emarten8r@spiegel.de,Male
Kyrstin,Crutchfield,kcrutchfield8s@oaic.gov.au,Female
Susann,Bilam,sbilam8t@1688.com,Female
Courtney,Pittle,cpittle8u@sina.com.cn,Bigender
Mersey,Tremayne,mtremayne8v@odnoklassniki.ru,Female
Aida,Bleiman,ableiman8w@nydailynews.com,Female
Blythe,Pighills,bpighills8x@go.com,Female
Ryun,Ralph,rralph8y@rakuten.co.jp,Male
Ignace,Arnaez,iarnaez8z@nps.gov,Male
Sunny,Simonel,ssimonel90@multiply.com,Agender
Olivier,Stocky,ostocky91@vistaprint.com,Male
Sonnie,Ovanesian,sovanesian92@youtu.be,Genderfluid
Frasier,Kenwright,fkenwright93@webnode.com,Male
Kissiah,Lethieulier,klethieulier94@com.com,Female
Barrie,Robertson,brobertson95@kickstarter.com,Female
Johnathan,O'Lunney,jolunney96@posterous.com,Male
Ida,Thornbarrow,ithornbarrow97@hc360.com,Female
Clare,Huard,chuard98@usnews.com,Genderfluid
Wilbur,Poynser,wpoynser99@plala.or.jp,Male
Rudyard,Troy,rtroy9a@com.com,Male
Gene,Balogun,gbalogun9b@rediff.com,Female
Netty,Repp,nrepp9c@constantcontact.com,Female
Raddie,De Mattei,rdemattei9d@omniture.com,Male
Marty,MacTrustrie,mmactrustrie9e@blinklist.com,Female
Vittoria,Auton,vauton9f@networksolutions.com,Female
Buffy,Maffin,bmaffin9g@mashable.com,Female
Fernande,Tallboy,ftallboy9h@deviantart.com,Female
Dorothee,Whieldon,dwhieldon9i@howstuffworks.com,Female
Agatha,Bettanay,abettanay9j@dailymotion.com,Female
Cherilyn,Schneider,cschneider9k@mayoclinic.com,Female
Allsun,Maciaszek,amaciaszek9l@huffingtonpost.com,Female
Verla,Govern,vgovern9m@w3.org,Female
Ingar,Yukhnov,iyukhnov9n@techcrunch.com,Male
Hart,Abdon,habdon9o@mlb.com,Male
Kimball,Moring,kmoring9p@twitpic.com,Male
Bennett,Bradock,bbradock9q@jugem.jp,Male
Esme,Pinckney,epinckney9r@infoseek.co.jp,Female
Isabel,Swindles,iswindles9s@wikipedia.org,Female
Johannah,Boolsen,jboolsen9t@miibeian.gov.cn,Female
Shellie,Twizell,stwizell9u@nhs.uk,Female
Drake,Tompkinson,dtompkinson9v@blogs.com,Male
Julienne,Awcoate,jawcoate9w@ustream.tv,Female
Rutledge,Kalinowsky,rkalinowsky9x@usatoday.com,Male
Lamont,Escreet,lescreet9y@sitemeter.com,Male
Muffin,Rutherford,mrutherford9z@yahoo.co.jp,Male
Orv,McNamee,omcnameea0@google.com.au,Male
Nowell,Millin,nmillina1@java.com,Male
Odette,Stockle,ostocklea2@addthis.com,Female
Stu,Madgwick,smadgwicka3@infoseek.co.jp,Male
Ulrikaumeko,Bierling,ubierlinga4@admin.ch,Female
Gabby,Tremellier,gtremelliera5@sun.com,Male
Trula,Beseke,tbesekea6@github.com,Polygender
Kristoforo,Gawith,kgawitha7@wikipedia.org,Male
Crissy,Welden,cweldena8@nba.com,Female
Jethro,Edyson,jedysona9@people.com.cn,Male
Zelda,MacGinney,zmacginneyaa@google.com.au,Female
Prudi,Naul,pnaulab@purevolume.com,Female
Maribel,Tolman,mtolmanac@wired.com,Female
Cori,Jeromson,cjeromsonad@bloglines.com,Female
Moishe,Polet,mpoletae@jugem.jp,Male
Dyana,Khoter,dkhoteraf@amazon.de,Female
Jock,Emeline,jemelineag@apple.com,Male
Aprilette,Corgenvin,acorgenvinah@psu.edu,Female
Alysia,Amorts,aamortsai@rambler.ru,Female
Carlen,Spiteri,cspiteriaj@toplist.cz,Female
Hube,Kinnerk,hkinnerkak@bizjournals.com,Male
Gilburt,Masterson,gmastersonal@wisc.edu,Non-binary
Antonia,Lobbe,alobbeam@fotki.com,Female
Sherman,Revitt,srevittan@cisco.com,Male
Salvatore,Rivilis,srivilisao@army.mil,Male
Delaney,MacCrachen,dmaccrachenap@ocn.ne.jp,Male
Maude,Spellacy,mspellacyaq@alibaba.com,Female
Ethelred,Erie,eeriear@japanpost.jp,Male
Odetta,Hedley,ohedleyas@altervista.org,Female
Miran,Ragate,mragateat@com.com,Female
Martyn,Whisker,mwhiskerau@issuu.com,Male
Simonette,Duddell,sduddellav@oaic.gov.au,Female
Farlay,Olivo,folivoaw@theguardian.com,Polygender
Marielle,Summers,msummersax@unc.edu,Female
Bernice,Rojahn,brojahnay@xrea.com,Female
Cecily,Aldhouse,caldhouseaz@myspace.com,Female
Beitris,Cuel,bcuelb0@tiny.cc,Non-binary
Lise,Colkett,lcolkettb1@soup.io,Female
Symon,Cornick,scornickb2@wsj.com,Male
Gus,Dominguez,gdominguezb3@cyberchimps.com,Male
Vinni,Syrad,vsyradb4@google.co.jp,Female
Ephrem,O'Sharry,eosharryb5@harvard.edu,Male
Sully,Soars,ssoarsb6@msn.com,Male
Reed,Pilipets,rpilipetsb7@gnu.org,Genderqueer
Stacee,Edmett,sedmettb8@reddit.com,Bigender
Lise,Cubbin,lcubbinb9@ow.ly,Female
Francisco,Bareford,fbarefordba@alexa.com,Male
Reagan,Kinsley,rkinsleybb@businessinsider.com,Male
Harmonie,Pedlar,hpedlarbc@cdbaby.com,Female
Ely,Lombardo,elombardobd@chron.com,Male
Jed,McClean,jmccleanbe@com.com,Genderqueer
Winnie,Lanfare,wlanfarebf@berkeley.edu,Female
Lalo,Keeffe,lkeeffebg@skyrock.com,Male
Tomkin,Warbey,twarbeybh@whitehouse.gov,Male
Claudian,Screech,cscreechbi@squidoo.com,Male
Fran,Fetterplace,ffetterplacebj@paypal.com,Male
Graig,Listone,glistonebk@bizjournals.com,Male
Keen,Guisby,kguisbybl@who.int,Male
Constantine,Whytock,cwhytockbm@linkedin.com,Male
Rosalinde,Gostyke,rgostykebn@miibeian.gov.cn,Female
Philip,Lethlay,plethlaybo@microsoft.com,Male
Jessy,Eisenberg,jeisenbergbp@live.com,Female
Berton,Peinton,bpeintonbq@linkedin.com,Male
Scot,Lemmertz,slemmertzbr@mediafire.com,Male
Humfrey,Slimon,hslimonbs@google.ca,Male
Marin,Domoni,mdomonibt@bbc.co.uk,Female
Hortense,Mival,hmivalbu@comcast.net,Female
Malanie,Geake,mgeakebv@aboutads.info,Female
Pascal,Sprason,psprasonbw@gravatar.com,Male
Lottie,Oswal,loswalbx@google.com,Female
Caro,Bissatt,cbissattby@nytimes.com,Bigender
Erin,Neilan,eneilanbz@businesswire.com,Male
Celine,McGavigan,cmcgaviganc0@bing.com,Female
Ganny,Philips,gphilipsc1@prlog.org,Male
Rosina,Dunnan,rdunnanc2@dailymotion.com,Female
Graeme,Caddens,gcaddensc3@goo.ne.jp,Male
Ramona,Stollberger,rstollbergerc4@paypal.com,Female
Jemimah,Rampling,jramplingc5@artisteer.com,Female
Derrick,Hastilow,dhastilowc6@usgs.gov,Agender
Edgardo,Masdin,emasdinc7@army.mil,Genderqueer
Neel,Girardot,ngirardotc8@mozilla.org,Male
Mallissa,Longhi,mlonghic9@mapy.cz,Female
Marshal,Dun,mdunca@mozilla.org,Male
Davon,Brigstock,dbrigstockcb@bing.com,Male
Duncan,Sergent,dsergentcc@mozilla.org,Male
Carlyle,Heakins,cheakinscd@redcross.org,Male
Robbin,Oatley,roatleyce@webnode.com,Genderfluid
Lodovico,Giamitti,lgiamitticf@shareasale.com,Male
Dinny,O'Corrane,docorranecg@last.fm,Female
Hyman,Preene,hpreenech@omniture.com,Male
Harmonia,Bearns,hbearnsci@adobe.com,Female
Jannelle,Bloschke,jbloschkecj@weebly.com,Female
Marna,Stienton,mstientonck@forbes.com,Female
Kayne,Dorin,kdorincl@exblog.jp,Male
Dionysus,Sofe,dsofecm@photobucket.com,Male
Mabel,MacMechan,mmacmechancn@globo.com,Female
Marcelo,Codling,mcodlingco@fda.gov,Male
Phillipp,Gargett,pgargettcp@odnoklassniki.ru,Male
Tania,Wason,twasoncq@skype.com,Agender
Burg,Whiles,bwhilescr@slideshare.net,Agender
Rea,Longden,rlongdencs@instagram.com,Female
Jeannie,Blakebrough,jblakebroughct@senate.gov,Female
Collette,Treske,ctreskecu@reverbnation.com,Female
Raquel,Laurenz,rlaurenzcv@unesco.org,Female
Reggy,Gookey,rgookeycw@usgs.gov,Male
Zondra,Bagster,zbagstercx@cpanel.net,Female
Lesley,Gentle,lgentlecy@skyrock.com,Female
Hugibert,Shakelade,hshakeladecz@loc.gov,Male
Jarrod,Kolodziejski,jkolodziejskid0@nationalgeographic.com,Male
Mathilda,Sharrem,msharremd1@hexun.com,Female
Tomas,Langton,tlangtond2@yellowpages.com,Male
Michaelina,Bickley,mbickleyd3@exblog.jp,Female
Darsie,Lavrinov,dlavrinovd4@yale.edu,Female
Prudy,Dawidowsky,pdawidowskyd5@webs.com,Female
Matty,Mainstone,mmainstoned6@mysql.com,Male
Jessee,Drabble,jdrabbled7@chicagotribune.com,Male
Wallie,Tousey,wtouseyd8@blogs.com,Male
Mallory,Starkey,mstarkeyd9@lycos.com,Female
Langston,Golly,lgollyda@time.com,Male
Brandie,Bilborough,bbilboroughdb@sbwire.com,Female
Allard,Donat,adonatdc@mozilla.org,Male
Dal,Darbon,ddarbondd@shutterfly.com,Male
Peirce,Pardoe,ppardoede@meetup.com,Genderqueer
Ara,Dakhno,adakhnodf@go.com,Male
Franny,Shakesby,fshakesbydg@cdbaby.com,Male
Nehemiah,Rosevear,nroseveardh@epa.gov,Polygender
Rickard,Drewery,rdrewerydi@livejournal.com,Male
Reid,Minihane,rminihanedj@blogspot.com,Genderfluid
Hadria,Roizn,hroizndk@weibo.com,Female
Kinnie,Layton,klaytondl@sciencedirect.com,Male
Hatty,Cromwell,hcromwelldm@time.com,Female
Judd,Avramovic,javramovicdn@usnews.com,Male
Filide,Greenhead,fgreenheaddo@redcross.org,Female
Inigo,Clow,iclowdp@tumblr.com,Male
Kaitlynn,Lewins,klewinsdq@house.gov,Bigender
Cazzie,Parnall,cparnalldr@opensource.org,Male
Michale,Davidy,mdavidyds@reuters.com,Male
Elsa,Kyrkeman,ekyrkemandt@hostgator.com,Female
Henka,O'Lagene,holagenedu@youku.com,Female
Haily,Lestrange,hlestrangedv@elpais.com,Female
Umberto,Skellern,uskellerndw@usgs.gov,Male
Cathleen,Millberg,cmillbergdx@msn.com,Female
Nola,Nornasell,nnornaselldy@comcast.net,Female
Sara-ann,Poetz,spoetzdz@reverbnation.com,Female
Silas,Bransden,sbransdene0@baidu.com,Male
Corbet,Aldam,caldame1@disqus.com,Male
Bertie,Nannoni,bnannonie2@yolasite.com,Female
Clair,Brosi,cbrosie3@hibu.com,Male
Norbie,Favell,nfavelle4@meetup.com,Male
Gillie,Island,gislande5@ca.gov,Female
Silva,Hicken,shickene6@dropbox.com,Female
Rubetta,Norvell,rnorvelle7@ebay.com,Female
Jefferson,Baudassi,jbaudassie8@constantcontact.com,Male
Cos,Reape,creapee9@youtube.com,Male
Rowland,Sauniere,rsauniereea@weebly.com,Male
Terry,Basil,tbasileb@bravesites.com,Male
Kahaleel,Soigoux,ksoigouxec@wix.com,Non-binary
Meir,Sommerton,msommertoned@rakuten.co.jp,Male
Cammy,Duval,cduvalee@ftc.gov,Female
Isidora,Leddy,ileddyef@epa.gov,Female
Georgia,Quartermain,gquartermaineg@microsoft.com,Female
Rochell,Ferier,rferiereh@creativecommons.org,Female
Margi,Say,msayei@arizona.edu,Female
Lane,Probet,lprobetej@sina.com.cn,Female
Shea,Suddards,ssuddardsek@ameblo.jp,Male
Chase,Shimmings,cshimmingsel@army.mil,Bigender
Jasen,Croal,jcroalem@howstuffworks.com,Male
Fidole,Ratledge,fratledgeen@angelfire.com,Male
Nani,Langer,nlangereo@chicagotribune.com,Female
Grantley,Denyakin,gdenyakinep@de.vu,Male
Myrtice,Fenimore,mfenimoreeq@hexun.com,Female
Zora,Eustanch,zeustancher@businessweek.com,Female
Mireille,Cawdell,mcawdelles@cbslocal.com,Non-binary
Angelica,Meredith,ameredithet@house.gov,Female
Haven,Gabala,hgabalaeu@youtube.com,Agender
Natalie,Calverley,ncalverleyev@sun.com,Female
Verene,Axby,vaxbyew@mac.com,Female
Andras,Mordin,amordinex@ihg.com,Male
Kenny,Aulsford,kaulsfordey@godaddy.com,Agender
Griswold,Bohan,gbohanez@xinhuanet.com,Male
Harriot,Crouch,hcrouchf0@auda.org.au,Female
Knox,Daunay,kdaunayf1@tiny.cc,Male
Hirsch,Greenard,hgreenardf2@umich.edu,Male
Didi,James,djamesf3@blogs.com,Female
Fairlie,Scholte,fscholtef4@storify.com,Male
Broderick,Earry,bearryf5@wordpress.org,Male
Anna-maria,Bromet,abrometf6@china.com.cn,Female
Noach,Pummery,npummeryf7@indiatimes.com,Male
Tabina,Wallicker,twallickerf8@list-manage.com,Female
Orin,Ducham,oduchamf9@seesaa.net,Male
Aurilia,Maylour,amaylourfa@mozilla.com,Genderqueer
Claudian,Paddock,cpaddockfb@google.co.uk,Male
Darn,Thurlbourne,dthurlbournefc@yelp.com,Male
Rene,McGeraghty,rmcgeraghtyfd@hexun.com,Female
Constanta,Lauxmann,clauxmannfe@booking.com,Female
Ari,Adamo,aadamoff@blogs.com,Male
Nevins,Seabert,nseabertfg@facebook.com,Male
Astra,Villiers,avilliersfh@theatlantic.com,Female
Gawain,Wintle,gwintlefi@eventbrite.com,Male
Lilith,Riding,lridingfj@aol.com,Female
Nat,Mildner,nmildnerfk@yellowbook.com,Female
Corabella,Hitzmann,chitzmannfl@answers.com,Female
Sutherland,Hinchshaw,shinchshawfm@surveymonkey.com,Male
Andi,St. Queintain,astqueintainfn@ezinearticles.com,Agender
Regan,Fritschel,rfritschelfo@gmpg.org,Male
Brannon,Gusticke,bgustickefp@weather.com,Male
Buddie,Drowsfield,bdrowsfieldfq@springer.com,Male
Killy,Stegel,kstegelfr@g.co,Male
Christa,Puckham,cpuckhamfs@xing.com,Female
Clyde,Kleszinski,ckleszinskift@trellian.com,Male
Beitris,Doggerell,bdoggerellfu@answers.com,Female
Augy,Brim,abrimfv@ow.ly,Male
Babb,Ondracek,bondracekfw@cnn.com,Female
Dukey,Edinborough,dedinboroughfx@wisc.edu,Male
Bartie,Kleinpeltz,bkleinpeltzfy@nationalgeographic.com,Male
Chance,Decayette,cdecayettefz@bluehost.com,Male
Zonda,Derington,zderingtong0@exblog.jp,Female
Robyn,Brussell,rbrussellg1@un.org,Female
Wat,Shotter,wshotterg2@qq.com,Male
Ophelie,Totterdill,ototterdillg3@odnoklassniki.ru,Female
Dorolice,Warden,dwardeng4@wix.com,Female
Lane,O' Mara,lomarag5@sciencedirect.com,Male
Claudetta,Raffeorty,craffeortyg6@histats.com,Female
Fredra,Leil,fleilg7@amazon.com,Female
Donnell,Hanselmann,dhanselmanng8@networkadvertising.org,Male
Ezekiel,Marsy,emarsyg9@soup.io,Male
Todd,Renackowna,trenackownaga@t.co,Male
Yvon,Conaghan,yconaghangb@icio.us,Male
Christalle,Steventon,csteventongc@pbs.org,Genderfluid
Maudie,Ishak,mishakgd@epa.gov,Female
Halie,Bonanno,hbonannoge@shareasale.com,Female
Cybill,Daubeny,cdaubenygf@who.int,Female
Courtnay,Edgson,cedgsongg@hao123.com,Female
Justinian,Danielsky,jdanielskygh@constantcontact.com,Male
Gabby,Melesk,gmeleskgi@google.com.au,Male
Nissa,McEnteggart,nmcenteggartgj@upenn.edu,Female
Cordell,Darrigone,cdarrigonegk@ucla.edu,Male
Niles,Valintine,nvalintinegl@csmonitor.com,Male
Dave,Cothey,dcotheygm@ucoz.ru,Male
Raddie,Colaco,rcolacogn@nbcnews.com,Male
Adore,Ilive,ailivego@about.me,Female
Keslie,Armytage,karmytagegp@ucoz.ru,Female
Josephina,Myhan,jmyhangq@auda.org.au,Female
Osborn,Leftly,oleftlygr@techcrunch.com,Male
Minta,Tapsfield,mtapsfieldgs@marketwatch.com,Female
Pren,Sweetland,psweetlandgt@samsung.com,Male
Juana,Telfer,jtelfergu@cocolog-nifty.com,Female
Shauna,Lorenzetti,slorenzettigv@japanpost.jp,Female
Laurent,Antonignetti,lantonignettigw@posterous.com,Male
Iris,Gillebert,igillebertgx@seattletimes.com,Female
Dinny,Mewe,dmewegy@woothemes.com,Agender
Chris,Shark,csharkgz@foxnews.com,Female
Darby,Last,dlasth0@meetup.com,Female
Inglebert,Fort,iforth1@devhub.com,Male
Ericka,Fardell,efardellh2@angelfire.com,Female
Sonnnie,Hasloch,shaslochh3@parallels.com,Genderfluid
Gibb,Allison,gallisonh4@tripod.com,Male
Camilla,McTrustam,cmctrustamh5@nih.gov,Female
Terri-jo,Smitheram,tsmitheramh6@tripadvisor.com,Female
Ellerey,Spitell,espitellh7@netvibes.com,Male
Kizzee,Burney,kburneyh8@forbes.com,Female
Dorry,Jacomb,djacombh9@amazon.com,Female
Tressa,Van der Kruis,tvanderkruisha@umn.edu,Female
Harriet,Goodbourn,hgoodbournhb@symantec.com,Female
Milo,Sabine,msabinehc@zimbio.com,Non-binary
Selina,Christophle,schristophlehd@bbb.org,Female
Eula,Bente,ebentehe@yelp.com,Female
Paula,Scragg,pscragghf@godaddy.com,Female
Kippie,Dickenson,kdickensonhg@drupal.org,Female
Greta,Fawthrop,gfawthrophh@ftc.gov,Female
Stern,Prandini,sprandinihi@weebly.com,Male
Dorian,Cops,dcopshj@cnbc.com,Male
Stoddard,Dyment,sdymenthk@ifeng.com,Female
Henka,Quarrell,hquarrellhl@networkadvertising.org,Female
Quillan,Gilberthorpe,qgilberthorpehm@fema.gov,Male
Renell,Donnersberg,rdonnersberghn@indiatimes.com,Genderqueer
Cassie,Warrener,cwarrenerho@cbc.ca,Female
Diego,Hefford,dheffordhp@yellowpages.com,Male
Jami,Farnfield,jfarnfieldhq@pen.io,Female
Kylie,Rojas,krojashr@a8.net,Male
Meryl,Peiser,mpeiserhs@globo.com,Male
Bradford,Hannis,bhannisht@nasa.gov,Male
Jewell,Parman,jparmanhu@domainmarket.com,Female
Sue,Croxton,scroxtonhv@instagram.com,Female
Emlen,Moncur,emoncurhw@admin.ch,Male
Zahara,Mellonby,zmellonbyhx@skype.com,Female
Jenni,Glisane,jglisanehy@about.me,Female
Alie,McInulty,amcinultyhz@smh.com.au,Agender
Kizzie,Dickings,kdickingsi0@seattletimes.com,Female
Marchelle,Goldhawk,mgoldhawki1@theglobeandmail.com,Female
Hendrika,Ber,hberi2@npr.org,Female
Erminia,Coveney,ecoveneyi3@indiegogo.com,Genderfluid
Caleb,Kerin,ckerini4@utexas.edu,Genderqueer
Sergent,Boxhall,sboxhalli5@ycombinator.com,Male
Fionnula,Olivetta,folivettai6@bloglines.com,Female
Mady,Eates,meatesi7@fotki.com,Female
Henry,Leveridge,hleveridgei8@squarespace.com,Male
Dean,Chatteris,dchatterisi9@exblog.jp,Male
Aurore,Clayfield,aclayfieldia@a8.net,Female
Karita,Murrie,kmurrieib@addtoany.com,Female
Noble,Wathan,nwathanic@bizjournals.com,Male
Evita,Renzullo,erenzulloid@wikipedia.org,Female
Crista,Wilder,cwilderie@amazon.co.jp,Female
Agretha,Hampshaw,ahampshawif@omniture.com,Female
Meaghan,Spowage,mspowageig@mail.ru,Female
Rose,Reddings,rreddingsih@sun.com,Non-binary
Wilton,Adamec,wadamecii@fema.gov,Male
Quintus,Bever,qbeverij@ucsd.edu,Male
Clementine,Brantzen,cbrantzenik@unblog.fr,Female
Ainslee,Juster,ajusteril@ameblo.jp,Female
Mellisa,MacConnechie,mmacconnechieim@linkedin.com,Female
Meade,Gerraty,mgerratyin@scientificamerican.com,Female
Tuck,Raycroft,traycroftio@europa.eu,Male
Tiphani,Dibbs,tdibbsip@cbslocal.com,Female
Henri,Cottem,hcottemiq@wordpress.com,Male
Ruthe,Jarville,rjarvilleir@tripadvisor.com,Genderfluid
Joshuah,Kibbee,jkibbeeis@g.co,Male
Hillard,Leathley,hleathleyit@msu.edu,Male
Eden,Caddock,ecaddockiu@altervista.org,Female
Durand,Twining,dtwiningiv@sfgate.com,Male
Ario,Skaid,askaidiw@nifty.com,Male
Beverly,Pettman,bpettmanix@exblog.jp,Female
Lenora,McKue,lmckueiy@biglobe.ne.jp,Female
Wallie,McKennan,wmckennaniz@google.de,Male
Zane,Scallon,zscallonj0@tinypic.com,Male
Siusan,Geffcock,sgeffcockj1@51.la,Female
Robina,Heyfield,rheyfieldj2@independent.co.uk,Non-binary
Joni,Fieldsend,jfieldsendj3@sogou.com,Female
Abba,Lomond,alomondj4@opera.com,Genderfluid
Gaultiero,Lansdowne,glansdownej5@mac.com,Male
Caprice,Graysmark,cgraysmarkj6@mlb.com,Agender
Opaline,Lanston,olanstonj7@bloglines.com,Female
Page,Hallowes,phallowesj8@yolasite.com,Female
Odell,McGauhy,omcgauhyj9@posterous.com,Male
Helaine,Rontree,hrontreeja@google.pl,Female
Rebecca,Marcq,rmarcqjb@photobucket.com,Female
Cahra,Woollends,cwoollendsjc@nbcnews.com,Female
Krishnah,Persence,kpersencejd@artisteer.com,Male
Melanie,Halcro,mhalcroje@nymag.com,Female
Orrin,Auchterlonie,oauchterloniejf@yahoo.co.jp,Male
Matteo,Pocklington,mpocklingtonjg@shareasale.com,Male
Cariotta,Bridle,cbridlejh@oakley.com,Female
Emilie,Liddard,eliddardji@omniture.com,Female
Michael,Ayres,mayresjj@4shared.com,Male
Noelani,Watkiss,nwatkissjk@upenn.edu,Female
Tamarah,Seeley,tseeleyjl@diigo.com,Female
Ephraim,Jelf,ejelfjm@pinterest.com,Male
Angelina,Hubbocks,ahubbocksjn@phoca.cz,Female
Normand,Gwilliam,ngwilliamjo@businesswire.com,Male
Tamiko,Maly,tmalyjp@census.gov,Female
Arel,Teers,ateersjq@europa.eu,Male
Isadore,Manders,imandersjr@state.gov,Male
Vinnie,Torricina,vtorricinajs@techcrunch.com,Male
Emilie,Valerius,evaleriusjt@hp.com,Female
Rockie,Sallings,rsallingsju@ftc.gov,Male
Lorene,Pepperrall,lpepperralljv@webmd.com,Female
Marietta,Schubart,mschubartjw@tamu.edu,Genderfluid
Harriot,Copplestone,hcopplestonejx@mozilla.org,Female
Walton,Beach,wbeachjy@berkeley.edu,Male
Stanislas,Banisch,sbanischjz@wisc.edu,Male
Hugibert,Gristwood,hgristwoodk0@ezinearticles.com,Male
Tuesday,Fearnside,tfearnsidek1@ning.com,Female
Thaddus,Tremollet,ttremolletk2@businessinsider.com,Male
Darryl,Scamadin,dscamadink3@behance.net,Male
Candi,Hostan,chostank4@virginia.edu,Bigender
Niccolo,Ive,nivek5@ibm.com,Male
Julissa,Akid,jakidk6@state.tx.us,Female
Jinny,Archley,jarchleyk7@linkedin.com,Female
Uriah,Quinet,uquinetk8@arizona.edu,Male
Kandy,Duffer,kdufferk9@who.int,Female
Engelbert,Britney,ebritneyka@hubpages.com,Male
Eben,Oubridge,eoubridgekb@wordpress.com,Male
Andres,Blaxton,ablaxtonkc@msu.edu,Male
Hewe,McCully,hmccullykd@nature.com,Male
Goldi,Gynni,ggynnike@pinterest.com,Female
Ginelle,St. Quintin,gstquintinkf@dell.com,Female
Amelina,Gannan,agannankg@earthlink.net,Female
Hermie,Larrie,hlarriekh@tmall.com,Male
Tani,Dyte,tdyteki@shutterfly.com,Female
Vanny,Keppel,vkeppelkj@icio.us,Female
Bert,Trethewey,btretheweykk@woothemes.com,Male
Candy,Hendriks,chendrikskl@scribd.com,Female
Archibald,Hylands,ahylandskm@yale.edu,Genderfluid
Ellis,Adelman,eadelmankn@fema.gov,Male
Drucy,O'Noland,donolandko@addthis.com,Female
Abbe,Stoven,astovenkp@tmall.com,Female
Bradley,Stappard,bstappardkq@usda.gov,Male
Annelise,Carlin,acarlinkr@trellian.com,Female
Melisande,Franzewitch,mfranzewitchks@seesaa.net,Polygender
Kari,Kensall,kkensallkt@ebay.co.uk,Female
Fairlie,Northeast,fnortheastku@wikia.com,Male
Marcus,Dorracott,mdorracottkv@chronoengine.com,Male
Flynn,Benyan,fbenyankw@foxnews.com,Male
Cathyleen,Ryan,cryankx@phoca.cz,Female
Barbie,Studdard,bstuddardky@blogs.com,Female
Hamlin,Gladdolph,hgladdolphkz@theglobeandmail.com,Male
Anders,Dosedale,adosedalel0@ucsd.edu,Male
Katuscha,McCrostie,kmccrostiel1@tuttocitta.it,Female
Terri,Mattussevich,tmattussevichl2@sina.com.cn,Female
Adrea,Handrock,ahandrockl3@pinterest.com,Female
Fraser,Ingleton,fingletonl4@cloudflare.com,Agender
Kit,Duffett,kduffettl5@nifty.com,Male
Johnath,Treppas,jtreppasl6@craigslist.org,Female
Esra,Bru,ebrul7@github.com,Male
Ewart,Ors,eorsl8@wsj.com,Male
Neysa,Meaker,nmeakerl9@simplemachines.org,Female
Jackquelin,Dransfield,jdransfieldla@scribd.com,Female
Biddie,Whiterod,bwhiterodlb@aboutads.info,Female
Pennie,Batteson,pbattesonlc@w3.org,Male
Farleigh,Martinolli,fmartinollild@xrea.com,Male
Wendel,Inglesfield,winglesfieldle@home.pl,Male
Cecilius,Bussen,cbussenlf@dot.gov,Male
Karleen,Kyncl,kkyncllg@vimeo.com,Female
Eva,Bacchus,ebacchuslh@4shared.com,Female
Sheilakathryn,Roj,srojli@lulu.com,Female
Blancha,Burchett,bburchettlj@elpais.com,Female
Sondra,Prester,spresterlk@wikispaces.com,Female
Hebert,Oakey,hoakeyll@businessinsider.com,Male
Shannan,East,seastlm@paginegialle.it,Male
Olenka,Duligal,oduligalln@geocities.com,Female
Taffy,Manser,tmanserlo@mysql.com,Female
Bobina,Mossom,bmossomlp@com.com,Agender
Rhett,Tilson,rtilsonlq@wix.com,Male
Noe,Crumly,ncrumlylr@bloglovin.com,Genderqueer
Davis,Lemon,dlemonls@tamu.edu,Male
Arlette,Preist,apreistlt@t-online.de,Genderfluid
Tann,Simeoli,tsimeolilu@digg.com,Male
Shepherd,Deares,sdeareslv@friendfeed.com,Male
Con,Sindell,csindelllw@smh.com.au,Male
Phip,Tuddenham,ptuddenhamlx@scientificamerican.com,Male
Constantin,Copcutt,ccopcuttly@ocn.ne.jp,Male
Ailyn,Petegree,apetegreelz@paypal.com,Female
Coralyn,Mosedill,cmosedillm0@sphinn.com,Female
Dorolice,Humphrys,dhumphrysm1@ucsd.edu,Agender
Ebonee,Klewer,eklewerm2@techcrunch.com,Female
Benetta,Peddar,bpeddarm3@google.com,Female
Liv,Jacketts,ljackettsm4@ezinearticles.com,Female
Stephine,Greetland,sgreetlandm5@csmonitor.com,Female
Rouvin,Filippo,rfilippom6@kickstarter.com,Male
Jessie,Lohan,jlohanm7@histats.com,Female
Linnie,Laroux,llarouxm8@ifeng.com,Female
Ash,Kenlin,akenlinm9@msu.edu,Male
Arleta,Grainger,agraingerma@ning.com,Female
Dewey,Gildersleaves,dgildersleavesmb@printfriendly.com,Male
Hamlen,Marikhin,hmarikhinmc@umich.edu,Male
Esdras,Keepe,ekeepemd@example.com,Male
Janela,Bonifas,jbonifasme@weebly.com,Bigender
Evey,Thairs,ethairsmf@bluehost.com,Female
Trip,Thebeau,tthebeaumg@wunderground.com,Male
Alfreda,Perview,aperviewmh@elegantthemes.com,Female
Binky,Boggon,bboggonmi@tripadvisor.com,Male
Si,Leate,sleatemj@etsy.com,Male
Patti,Hanks,phanksmk@jimdo.com,Female
Blanche,Remmer,bremmerml@dot.gov,Female
Dom,Higford,dhigfordmm@php.net,Male
Kathie,Foster-Smith,kfostersmithmn@scribd.com,Female
Abie,Curgenven,acurgenvenmo@princeton.edu,Male
Kean,Beckhurst,kbeckhurstmp@discovery.com,Male
Reagen,Skeldinge,rskeldingemq@hp.com,Male
Odilia,Risbridger,orisbridgermr@csmonitor.com,Female
Aigneis,Harrowsmith,aharrowsmithms@utexas.edu,Polygender
Joli,Pinchon,jpinchonmt@over-blog.com,Female
Arleta,Reame,areamemu@ibm.com,Female
Jory,Fowkes,jfowkesmv@upenn.edu,Male
Inglebert,Backes,ibackesmw@nature.com,Male
Willis,Bouette,wbouettemx@w3.org,Male
Leonie,Wray,lwraymy@1und1.de,Female
Ronnie,Donnison,rdonnisonmz@psu.edu,Female
Emmeline,Sammars,esammarsn0@independent.co.uk,Female
Ivie,Foulger,ifoulgern1@paginegialle.it,Female
Abey,Wathey,awatheyn2@studiopress.com,Male
Wynn,MacBain,wmacbainn3@imgur.com,Female
Staffard,Arrowsmith,sarrowsmithn4@springer.com,Male
Althea,Laverenz,alaverenzn5@weebly.com,Genderfluid
Ernie,Pennino,epenninon6@hibu.com,Male
Richmound,Boynton,rboyntonn7@deviantart.com,Genderqueer
Davie,Parsell,dparselln8@prweb.com,Male
Kellie,Posselow,kposselown9@php.net,Female
Leontyne,Sappell,lsappellna@prweb.com,Female
Wendi,Reddel,wreddelnb@quantcast.com,Female
Krissy,Osan,kosannc@exblog.jp,Female
Aaron,Renol,arenolnd@unesco.org,Male
Etheline,Botler,ebotlerne@cyberchimps.com,Female
Welbie,Jurasz,wjurasznf@cloudflare.com,Male
Donielle,Rove,droveng@delicious.com,Female
Casper,Yanyshev,cyanyshevnh@nps.gov,Male
Gayel,Rosa,grosani@sitemeter.com,Female
Barret,Orrill,borrillnj@etsy.com,Male
Felipe,Aleksidze,faleksidzenk@a8.net,Male
Haydon,Pescott,hpescottnl@prnewswire.com,Male
Dianne,Hindge,dhindgenm@blogger.com,Female
Susanna,Peeters,speetersnn@angelfire.com,Female
Alisa,Tewkesbury.,atewkesburyno@trellian.com,Bigender
Jessalyn,Tremeer,jtremeernp@imageshack.us,Female
Royce,Fattori,rfattorinq@nhs.uk,Male
Frederica,Learie,flearienr@addthis.com,Female
Fran,Yerrill,fyerrillns@slate.com,Female
Aylmer,Rodden,aroddennt@vistaprint.com,Polygender
Celinka,Claypole,cclaypolenu@about.me,Female
Jacquenetta,Benson,jbensonnv@theatlantic.com,Female
Derrik,Bickerdicke,dbickerdickenw@com.com,Male
Nikki,Cockrill,ncockrillnx@cbslocal.com,Male
Sayer,Kennewell,skennewellny@ed.gov,Male
Johanna,Wolfendell,jwolfendellnz@google.com,Female
Patricio,January 1st,pjanuarysto0@xrea.com,Male
Lorilee,Syne,lsyneo1@who.int,Female
Marmaduke,MacFarlane,mmacfarlaneo2@howstuffworks.com,Male
Bidget,McDougall,bmcdougallo3@goo.ne.jp,Female
Devinne,Machan,dmachano4@newyorker.com,Female
Mandel,Purchon,mpurchono5@booking.com,Male
Clarice,Harburtson,charburtsono6@rakuten.co.jp,Female
Geordie,Vedishchev,gvedishchevo7@indiatimes.com,Male
Brannon,Colthard,bcolthardo8@chron.com,Male
Ira,Shory,ishoryo9@comsenz.com,Female
Damita,Tidbury,dtidburyoa@ustream.tv,Polygender
Neala,Harder,nharderob@jugem.jp,Female
Keefer,Ranscome,kranscomeoc@elpais.com,Male
Vania,Copnell,vcopnellod@aboutads.info,Female
Delaney,Pues,dpuesoe@hostgator.com,Male
Gamaliel,Prinnett,gprinnettof@oracle.com,Male
Hercules,Vassano,hvassanoog@google.pl,Male
Rianon,Duffil,rduffiloh@soup.io,Female
Emelia,De Domenico,ededomenicooi@google.es,Female
Job,Place,jplaceoj@adobe.com,Male
Marchall,Lomb,mlombok@tumblr.com,Male
Annetta,Yakutin,ayakutinol@hugedomains.com,Female
Nikita,Dowey,ndoweyom@skyrock.com,Male
Dusty,Pietraszek,dpietraszekon@nyu.edu,Female
Norbert,Balma,nbalmaoo@miibeian.gov.cn,Male
Brew,Blackden,bblackdenop@sphinn.com,Male
Geordie,Rojahn,grojahnoq@youtu.be,Male
Fernanda,Cowdery,fcowderyor@clickbank.net,Female
Cristian,Ivamy,civamyos@ask.com,Male
Conrad,Brainsby,cbrainsbyot@discuz.net,Male
Jacinthe,Gookey,jgookeyou@w3.org,Female
Roobbie,Dettmar,rdettmarov@xing.com,Female
Terry,Loxley,tloxleyow@prlog.org,Male
Cecil,Lutman,clutmanox@npr.org,Male
Jelene,Haresign,jharesignoy@pbs.org,Female
Berky,Presshaugh,bpresshaughoz@bbc.co.uk,Male
Hershel,Rosenau,hrosenaup0@ycombinator.com,Male
Konstance,Oswell,koswellp1@virginia.edu,Female
Codee,Tuckie,ctuckiep2@tinypic.com,Female
Isabel,Campagne,icampagnep3@dagondesign.com,Polygender
Aylmer,Boutellier,aboutellierp4@cargocollective.com,Male
Madelina,Kennet,mkennetp5@slideshare.net,Female
Brocky,Andreaccio,bandreacciop6@businessweek.com,Male
Daron,Piscopo,dpiscopop7@cmu.edu,Female
Dionne,McGloughlin,dmcgloughlinp8@bloglovin.com,Female
Rosabel,D'Antoni,rdantonip9@fda.gov,Female
Silvester,Traher,straherpa@ycombinator.com,Male
Alessandra,Lewknor,alewknorpb@163.com,Female
Carlita,Attrey,cattreypc@linkedin.com,Female
Jethro,Abramamovh,jabramamovhpd@flavors.me,Male
Merralee,Tatford,mtatfordpe@mit.edu,Female
Elaina,Tower,etowerpf@hibu.com,Female
Melinde,Borgnol,mborgnolpg@icq.com,Female
Sasha,Benit,sbenitph@china.com.cn,Genderfluid
Tanner,Curwen,tcurwenpi@army.mil,Male
Cos,Townsley,ctownsleypj@telegraph.co.uk,Male
Terry,Liggens,tliggenspk@ebay.co.uk,Male
Lotti,Bissill,lbissillpl@over-blog.com,Female
Theodor,Illing,tillingpm@usnews.com,Male
Melantha,Inger,mingerpn@msn.com,Genderfluid
Natassia,Gallon,ngallonpo@altervista.org,Female
Roseanna,Yesinin,ryesininpp@answers.com,Female
Anastassia,Durrance,adurrancepq@livejournal.com,Female
Eachelle,Watkins,ewatkinspr@trellian.com,Female
Barbabas,Abbot,babbotps@bbc.co.uk,Male
Joan,Vogel,jvogelpt@cornell.edu,Female
Charlie,Huxham,chuxhampu@sciencedirect.com,Bigender
Pooh,Hastwell,phastwellpv@last.fm,Male
Hakim,Sango,hsangopw@lycos.com,Male
Meghann,Baggallay,mbaggallaypx@sbwire.com,Female
Caryl,Birtle,cbirtlepy@soup.io,Female
Stephine,Pattenden,spattendenpz@constantcontact.com,Agender
Fredek,Gennerich,fgennerichq0@house.gov,Male
Carlin,Pynner,cpynnerq1@usa.gov,Male
Ollie,Humpatch,ohumpatchq2@wisc.edu,Male
Mariquilla,Wager,mwagerq3@cam.ac.uk,Female
Irwin,Trazzi,itrazziq4@pbs.org,Male
Thaxter,Nasi,tnasiq5@mlb.com,Male
Junia,Joll,jjollq6@wufoo.com,Genderqueer
Sib,O'Lyhane,solyhaneq7@abc.net.au,Female
Laurie,Luckey,lluckeyq8@epa.gov,Female
Katherine,Kelcey,kkelceyq9@illinois.edu,Female
Della,Conws,dconwsqa@newsvine.com,Female
Winnah,Cotta,wcottaqb@hatena.ne.jp,Female
Alley,Nanuccioi,ananuccioiqc@bloglines.com,Male
Roselin,Lawleff,rlawleffqd@google.cn,Agender
Catina,Grogan,cgroganqe@etsy.com,Female
Melisa,Chominski,mchominskiqf@people.com.cn,Female
Cristy,Tunstall,ctunstallqg@live.com,Non-binary
Ainslie,Harkus,aharkusqh@google.ru,Female
Corabelle,Bottell,cbottellqi@shareasale.com,Female
Hart,Crutchley,hcrutchleyqj@ocn.ne.jp,Male
Rorie,Gueny,rguenyqk@blinklist.com,Female
Vernen,Thresh,vthreshql@dmoz.org,Non-binary
Fletch,Sonschein,fsonscheinqm@businessinsider.com,Male
Tanitansy,Shipton,tshiptonqn@tinyurl.com,Female
Sherlock,Jarrell,sjarrellqo@addtoany.com,Male
Coop,Peteri,cpeteriqp@apache.org,Male
Natalya,Comiam,ncomiamqq@jigsy.com,Female
Dianne,Shallow,dshallowqr@blogspot.com,Female
Danica,Conrath,dconrathqs@amazonaws.com,Female
Pate,Brunet,pbrunetqt@reverbnation.com,Male
Clemens,Folley,cfolleyqu@spiegel.de,Male
Felita,Stothard,fstothardqv@wordpress.com,Female
Joey,Gatchell,jgatchellqw@ucsd.edu,Male
Bobinette,Haensel,bhaenselqx@clickbank.net,Genderqueer
Rafferty,Dallaghan,rdallaghanqy@cbslocal.com,Male
Cordelia,Cuesta,ccuestaqz@economist.com,Genderfluid
Collie,Drews,cdrewsr0@skype.com,Female
Merill,Harbar,mharbarr1@aboutads.info,Male
Siana,Domenget,sdomengetr2@t.co,Female
Robb,Ledington,rledingtonr3@admin.ch,Male
Robbie,Banham,rbanhamr4@exblog.jp,Female
Jillana,Jumel,jjumelr5@unicef.org,Agender
Roderigo,Cleife,rcleifer6@bigcartel.com,Male
Barbette,Ivashintsov,bivashintsovr7@usatoday.com,Female
Norris,Cockburn,ncockburnr8@gravatar.com,Male
Yoko,Chrisp,ychrispr9@geocities.com,Female
Jacquie,Tutchings,jtutchingsra@hexun.com,Female
Stoddard,Brompton,sbromptonrb@umich.edu,Female
Kellby,Buglar,kbuglarrc@auda.org.au,Male
Mara,Learoyd,mlearoydrd@kickstarter.com,Female
Abagail,Hugonneau,ahugonneaure@ucoz.ru,Genderqueer
Barbette,Bette,bbetterf@yahoo.com,Female
Brandyn,Pretor,bpretorrg@amazon.com,Male
Gabie,Royste,groysterh@boston.com,Female
Tristan,Southers,tsouthersri@cpanel.net,Male
Baryram,Bachnic,bbachnicrj@joomla.org,Male
Renaldo,Larn,rlarnrk@baidu.com,Male
Shayla,Rubens,srubensrl@washingtonpost.com,Female
Kristopher,Hilbourne,khilbournerm@baidu.com,Male
Malorie,Monsey,mmonseyrn@who.int,Female
Brenna,Dixsee,bdixseero@cbslocal.com,Female
Carley,Tinton,ctintonrp@hatena.ne.jp,Female
Inna,Innwood,iinnwoodrq@nps.gov,Female
Alida,Garraway,agarrawayrr@intel.com,Female