Ursuline,Keasley,ukeasley0@abc.net.au,Female
Ludvig,Gavaghan,lgavaghan1@deliciousdays.com,Male
Jeana,Huguenet,jhuguenet2@nih.gov,Agender
Alphonse,Knox,aknox3@ted.com,Male
Jillie,Foyster,jfoyster4@ed.gov,Female
Randolph,Scola,rscola5@godaddy.com,Male
Gabrila,Leighfield,gleighfield6@goodreads.com,Female
Shela,Folomkin,sfolomkin7@answers.com,Female
Gibbie,Charlo,gcharlo8@4shared.com,Male
Bondie,Osgodby,bosgodby9@hc360.com,Male
Aubrey,Despenser,adespensera@tmall.com,Male
Eliza,Caldaro,ecaldarob@forbes.com,Female
Selle,Foxworthy,sfoxworthyc@wp.com,Female
Giulio,Valero,gvalerod@google.es,Male
Harrison,Liverock,hliverocke@1und1.de,Male
Brandtr,Peinton,bpeintonf@live.com,Male
Hagan,Cuppitt,hcuppittg@scientificamerican.com,Male
Valerie,Rosencrantz,vrosencrantzh@hugedomains.com,Female
Desmund,Heavy,dheavyi@surveymonkey.com,Male
Bellanca,Rudham,brudhamj@edublogs.org,Female
Torrin,Dering,tderingk@cnet.com,Male
Patience,Alans,palansl@geocities.com,Female
Karin,Bubear,kbubearm@weibo.com,Female
Zachary,Leetham,zleethamn@arizona.edu,Genderfluid
Robbi,Tunnicliff,rtunnicliffo@quantcast.com,Female
Broddy,Simner,bsimnerp@ted.com,Male
Worden,Gillespey,wgillespeyq@berkeley.edu,Male
Jaimie,Le Borgne,jleborgner@princeton.edu,Female
Felicia,Van Halle,fvanhalles@github.io,Female
Michele,Hartegan,mhartegant@reference.com,Female
Allsun,Selby,aselbyu@51.la,Female
Doreen,Bousler,dbouslerv@pen.io,Female
Arleta,Burgane,aburganew@examiner.com,Female
Percy,Huddleston,phuddlestonx@globo.com,Male
Tracy,Joyner,tjoynery@etsy.com,Male
Carlotta,Harcarse,charcarsez@archive.org,Female
Reid,Death,rdeath10@time.com,Male
Rodina,Mathews,rmathews11@dyndns.org,Female
Kaspar,Bellas,kbellas12@vistaprint.com,Male
Pierson,Beal,pbeal13@nhs.uk,Male
Sorcha,Roaf,sroaf14@wufoo.com,Female
Ariadne,Taye,ataye15@noaa.gov,Female
Marlie,Leppington,mleppington16@house.gov,Female
Audre,Stihl,astihl17@answers.com,Female
Farica,Itzhayek,fitzhayek18@nasa.gov,Female
Finn,Shurman,fshurman19@diigo.com,Male
Debor,Amort,damort1a@fotki.com,Female
Camile,Beecroft,cbeecroft1b@biglobe.ne.jp,Bigender
Thaxter,Vittel,tvittel1c@example.com,Male
Percy,Gittins,pgittins1d@abc.net.au,Male
Tildy,Domengue,tdomengue1e@salon.com,Female
Jozef,Hatchett,jhatchett1f@google.it,Male
Angie,Pendlebery,apendlebery1g@desdev.cn,Female
Charmian,Jouhning,cjouhning1h@google.it,Female
Flossy,Slisby,fslisby1i@vimeo.com,Female
Kendricks,Ladds,kladds1j@squidoo.com,Male
Barbette,Murrhaupt,bmurrhaupt1k@furl.net,Female
Perry,Paolinelli,ppaolinelli1l@japanpost.jp,Male
Auguste,Craigs,acraigs1m@zimbio.com,Female
Clayborn,Aglione,caglione1n@yellowbook.com,Male
Lowell,Sheriff,lsheriff1o@nsw.gov.au,Male
Madelaine,Di Domenico,mdidomenico1p@mail.ru,Female
Rosita,Northcote,rnorthcote1q@reference.com,Female
Jennifer,Betteney,jbetteney1r@lulu.com,Female
Riane,Garrit,rgarrit1s@comsenz.com,Female
Louis,Raiman,lraiman1t@nbcnews.com,Male
Bria,Colebeck,bcolebeck1u@delicious.com,Female
Dominga,Crease,dcrease1v@marriott.com,Female
Sib,Hew,shew1w@mapy.cz,Polygender
Atlante,Yarrall,ayarrall1x@hostgator.com,Female
Jasmine,Owbridge,jowbridge1y@twitter.com,Female
Dalton,Renhard,drenhard1z@shinystat.com,Male
Fanni,Readshall,freadshall20@weibo.com,Female
Ware,Fairley,wfairley21@trellian.com,Male
Farrand,Keenor,fkeenor22@microsoft.com,Female
Allyn,Joyce,ajoyce23@huffingtonpost.com,Female
Jeremy,Older,jolder24@adobe.com,Male
Dieter,Vasyunin,dvasyunin25@technorati.com,Genderqueer
Jemima,Lambert-Ciorwyn,jlambertciorwyn26@csmonitor.com,Female
Solomon,Bridge,sbridge27@ox.ac.uk,Male
Trula,O'Moylan,tomoylan28@ocn.ne.jp,Female
Lemmie,Steels,lsteels29@seattletimes.com,Male
Becka,D'Cruze,bdcruze2a@sciencedaily.com,Female
Garner,Goranov,ggoranov2b@woothemes.com,Male
Alyson,Broy,abroy2c@networkadvertising.org,Female
Rozelle,Frearson,rfrearson2d@berkeley.edu,Female
Olav,Konert,okonert2e@ehow.com,Male
Herrick,Brewerton,hbrewerton2f@reverbnation.com,Male
Estele,Pevie,epevie2g@buzzfeed.com,Female
Gertrude,Records,grecords2h@skype.com,Female
Star,Harnott,sharnott2i@comsenz.com,Non-binary
Sollie,Denecamp,sdenecamp2j@stanford.edu,Male
Christalle,Glascott,cglascott2k@plala.or.jp,Female
Laurence,Arnal,larnal2l@ocn.ne.jp,Male
Matti,Feldberger,mfeldberger2m@prweb.com,Female
Shena,Casillis,scasillis2n@google.com,Female
Ulrich,Bickersteth,ubickersteth2o@loc.gov,Male
Ignazio,Heynel,iheynel2p@yahoo.co.jp,Male
Filide,Castanone,fcastanone2q@intel.com,Female
Dicky,Scobie,dscobie2r@prnewswire.com,Male
Neel,Strickland,nstrickland2s@msn.com,Male
Bentley,Boshers,bboshers2t@wired.com,Male
Jervis,Ferreri,jferreri2u@nasa.gov,Male
Vasily,Szymanowicz,vszymanowicz2v@tripadvisor.com,Male
Ciel,McWard,cmcward2w@ihg.com,Female
Jenine,Twinborough,jtwinborough2x@list-manage.com,Female
Margie,Stiles,mstiles2y@unblog.fr,Female
Ludovico,Dowd,ldowd2z@mapy.cz,Male
Denise,Flude,dflude30@e-recht24.de,Female
Illa,Blakeston,iblakeston31@netvibes.com,Female
Glenine,Reade,greade32@elpais.com,Agender
Harper,Pareman,hpareman33@usda.gov,Male
Jonathon,Smeaton,jsmeaton34@rambler.ru,Male
Kaitlynn,Goodlud,kgoodlud35@sbwire.com,Female
Stefano,Elphey,selphey36@nih.gov,Male
Zandra,Pozzi,zpozzi37@cam.ac.uk,Female
Dur,De Antoni,ddeantoni38@wikipedia.org,Male
Joice,Lagde,jlagde39@eventbrite.com,Female
Tobit,Hartrick,thartrick3a@woothemes.com,Male
Letty,Brattell,lbrattell3b@uiuc.edu,Female
Tera,Ogg,togg3c@weather.com,Female
Darius,Mangenot,dmangenot3d@topsy.com,Male
Valida,Beardsley,vbeardsley3e@weibo.com,Female
George,Girton,ggirton3f@jiathis.com,Male
Wendel,Duckels,wduckels3g@mac.com,Male
Gill,Gabrieli,ggabrieli3h@diigo.com,Male
Cathi,Stafford,cstafford3i@hc360.com,Female
Glenda,Bosch,gbosch3j@scribd.com,Female
Aldon,Bilovus,abilovus3k@wp.com,Male
Kanya,Claussen,kclaussen3l@de.vu,Genderfluid
Giffy,Niblett,gniblett3m@phoca.cz,Male
Simona,Cartlidge,scartlidge3n@list-manage.com,Female
Clary,Tregona,ctregona3o@jalbum.net,Female
Tadeo,Culkin,tculkin3p@jalbum.net,Male
Cyndy,Berzons,cberzons3q@example.com,Genderfluid
Malia,Evangelinos,mevangelinos3r@youku.com,Female
Kim,Stopford,kstopford3s@cbsnews.com,Female
Lyndsie,Maevela,lmaevela3t@unc.edu,Female
Tiler,Gillice,tgillice3u@soundcloud.com,Male
Mikkel,Gaunson,mgaunson3v@google.fr,Male
Bealle,Mallion,bmallion3w@e-recht24.de,Male
Cobb,Butt,cbutt3x@webs.com,Agender
Bird,Ramsden,bramsden3y@devhub.com,Female
Bord,Tomadoni,btomadoni3z@netscape.com,Male
Reinald,Allsworth,rallsworth40@edublogs.org,Male
Salem,Crowd,scrowd41@exblog.jp,Male
Ahmed,Willoway,awilloway42@chicagotribune.com,Male
Joan,Rickcord,jrickcord43@pcworld.com,Female
Kriste,Oxberry,koxberry44@simplemachines.org,Female
Ivette,Shillitoe,ishillitoe45@mac.com,Female
Scarlet,Rennox,srennox46@rambler.ru,Female
Aila,Spatoni,aspatoni47@admin.ch,Female
Bord,Souttar,bsouttar48@unicef.org,Male
Shirlene,Arntzen,sarntzen49@samsung.com,Female
Giorgio,Fosher,gfosher4a@miitbeian.gov.cn,Male
Barney,Doret,bdoret4b@google.de,Male
Bevin,Powdrell,bpowdrell4c@samsung.com,Male
Glen,Brignall,gbrignall4d@technorati.com,Genderqueer
Heinrik,Gates,hgates4e@nationalgeographic.com,Male
Lalo,Patriskson,lpatriskson4f@dion.ne.jp,Male
Tome,Stoute,tstoute4g@ucoz.com,Male
Leelah,Eles,leles4h@theglobeandmail.com,Female
June,Kubacki,jkubacki4i@si.edu,Female
Clint,Lemonby,clemonby4j@skype.com,Male
Carleton,Faudrie,cfaudrie4k@sciencedaily.com,Agender
Danielle,MacAvaddy,dmacavaddy4l@odnoklassniki.ru,Female
Seymour,Drewitt,sdrewitt4m@feedburner.com,Male
Yehudi,Latus,ylatus4n@yellowbook.com,Male
Rhys,Trevillion,rtrevillion4o@google.co.jp,Male
Kristopher,Losbie,klosbie4p@si.edu,Male
Lynna,Dews,ldews4q@unicef.org,Female
Perren,Tarr,ptarr4r@linkedin.com,Male
Olly,Dy,ody4s@ucoz.com,Male
Maddalena,Moyle,mmoyle4t@yahoo.com,Female
Dalila,Uttley,duttley4u@intel.com,Female
Giffard,McIlwraith,gmcilwraith4v@telegraph.co.uk,Male
Gearalt,Facer,gfacer4w@mapquest.com,Male
Augustine,Birtchnell,abirtchnell4x@whitehouse.gov,Male
Griffith,Chopping,gchopping4y@nyu.edu,Agender
Alberto,Lerer,alerer4z@auda.org.au,Male
Ulick,Sabban,usabban50@github.com,Male
Ignace,D'Onisi,idonisi51@discovery.com,Male
Hyacinth,Gentiry,hgentiry52@arstechnica.com,Female
Lionel,Goomes,lgoomes53@google.it,Male
Bartolomeo,Bullimore,bbullimore54@shop-pro.jp,Male
Sylvester,MacTrustie,smactrustie55@wikia.com,Male
Hesther,Jerdon,hjerdon56@blogspot.com,Female
Patti,Spiers,pspiers57@privacy.gov.au,Female
Jacquie,Elms,jelms58@telegraph.co.uk,Female
Richmond,Shank,rshank59@cafepress.com,Male
Tristam,Farrent,tfarrent5a@desdev.cn,Male
Arman,Imos,aimos5b@hc360.com,Male
Sawyer,Longmore,slongmore5c@vimeo.com,Male
Bren,Room,broom5d@printfriendly.com,Male
Lissie,Willan,lwillan5e@1und1.de,Female
Giacobo,Tonsley,gtonsley5f@elegantthemes.com,Male
Carlen,Lello,clello5g@biglobe.ne.jp,Female
Tamarra,Manchett,tmanchett5h@soup.io,Female
Trev,Passmore,tpassmore5i@washington.edu,Male
Idalia,Rotherforth,irotherforth5j@jalbum.net,Agender
Gussi,Tyson,gtyson5k@eepurl.com,Female
Maire,Hissie,mhissie5l@google.ru,Female
Raleigh,Withinshaw,rwithinshaw5m@icq.com,Male
Finn,Castagnone,fcastagnone5n@tiny.cc,Male
Robina,Elham,relham5o@hibu.com,Female
Ethelbert,Newall,enewall5p@ihg.com,Male
Andrej,Illyes,aillyes5q@bbc.co.uk,Male
Mickey,Matzen,mmatzen5r@yahoo.com,Male
Emanuele,Huison,ehuison5s@google.co.uk,Male
Raf,Ineson,rineson5t@columbia.edu,Female
Druci,Karlsson,dkarlsson5u@thetimes.co.uk,Female
Shayne,Pettiford,spettiford5v@harvard.edu,Male
Nikki,Oxenden,noxenden5w@fotki.com,Male
Berky,Ramm,bramm5x@histats.com,Male
Fulton,Cheevers,fcheevers5y@barnesandnoble.com,Male
Dorri,Pearmine,dpearmine5z@ocn.ne.jp,Female
Bogart,Wynrehame,bwynrehame60@howstuffworks.com,Male
Boyd,Thirlaway,bthirlaway61@ibm.com,Male
Tandie,Emsley,temsley62@dion.ne.jp,Female
Zara,Crowson,zcrowson63@cisco.com,Female
Tyrus,Fowden,tfowden64@lycos.com,Male
Belita,Cleeves,bcleeves65@meetup.com,Female
Langsdon,Adao,ladao66@pinterest.com,Non-binary
Aube,Vel,avel67@noaa.gov,Male
Reinold,Rydeard,rrydeard68@abc.net.au,Male
Silvester,cornhill,scornhill69@skyrock.com,Male
Muire,Elcox,melcox6a@desdev.cn,Female
Sax,O'Dempsey,sodempsey6b@wiley.com,Male
Odele,Laudham,olaudham6c@goodreads.com,Female
Shena,Frentz,sfrentz6d@merriam-webster.com,Female
Lanny,Hartmann,lhartmann6e@devhub.com,Female
Mallorie,Aimson,maimson6f@com.com,Female
Porter,Blamphin,pblamphin6g@php.net,Male
Angie,Jekel,ajekel6h@people.com.cn,Male
Leon,Van Brug,lvanbrug6i@alexa.com,Male
Parsifal,Weben,pweben6j@smh.com.au,Male
Ebba,Sharman,esharman6k@cnbc.com,Female
Talbot,Mingey,tmingey6l@exblog.jp,Male
Ancell,Caskie,acaskie6m@livejournal.com,Male
Alister,Ruger,aruger6n@economist.com,Male
Arlina,Cremins,acremins6o@google.co.uk,Female
Neilla,Emmer,nemmer6p@networksolutions.com,Female
Tulley,Girard,tgirard6q@admin.ch,Male
Rockey,Maureen,rmaureen6r@amazon.co.jp,Male
Quintina,Hakonsson,qhakonsson6s@mtv.com,Female
Robert,Rackstraw,rrackstraw6t@photobucket.com,Male
Kevyn,Beushaw,kbeushaw6u@pen.io,Female
Diane-marie,Klimp,dklimp6v@auda.org.au,Agender
Billye,McNea,bmcnea6w@scientificamerican.com,Female
Deni,Coleshill,dcoleshill6x@gnu.org,Female
Teodoro,Huddlestone,thuddlestone6y@nyu.edu,Male
Sapphire,Cluitt,scluitt6z@gov.uk,Female
Veronique,Petel,vpetel70@slate.com,Genderqueer
Raviv,Dibbin,rdibbin71@weebly.com,Male
Aubert,Klishin,aklishin72@bravesites.com,Male
Nicki,Moss,nmoss73@angelfire.com,Female
Melosa,McLleese,mmclleese74@sbwire.com,Female
Sanders,O'Dooghaine,sodooghaine75@shinystat.com,Male
Marian,Spofforth,mspofforth76@google.com,Female
Gwen,Ingray,gingray77@noaa.gov,Female
Albie,Cicero,acicero78@lulu.com,Male
Andrej,Uttridge,auttridge79@mlb.com,Male
Willy,Risebrow,wrisebrow7a@parallels.com,Female
Maridel,Westmore,mwestmore7b@umn.edu,Female
Anne-corinne,Vaadeland,avaadeland7c@pen.io,Agender
Early,Baseley,ebaseley7d@printfriendly.com,Male
Larisa,Cullingford,lcullingford7e@meetup.com,Female
Anabal,Bisatt,abisatt7f@typepad.com,Female
Fulton,Bachura,fbachura7g@engadget.com,Male
Darrick,Managh,dmanagh7h@google.ca,Male
Rosanne,Pollack,rpollack7i@rediff.com,Female
Honey,Scholcroft,hscholcroft7j@merriam-webster.com,Agender
Ferne,Summerscales,fsummerscales7k@bing.com,Female
Teressa,Gaize,tgaize7l@uol.com.br,Female
Abdel,Spellar,aspellar7m@mlb.com,Male
Alfreda,Renols,arenols7n@artisteer.com,Female
Martguerita,Flaws,mflaws7o@springer.com,Genderfluid
Marquita,Burnhill,mburnhill7p@newsvine.com,Female
Theo,MacRannell,tmacrannell7q@dmoz.org,Female
Janeen,Chessill,jchessill7r@sphinn.com,Female
Courtenay,Haberjam,chaberjam7s@businesswire.com,Female
Hershel,Tremblot,htremblot7t@cnn.com,Male
Herb,Wrench,hwrench7u@homestead.com,Male
Bernardine,Pinchon,bpinchon7v@vk.com,Female
Boyce,Petyanin,bpetyanin7w@issuu.com,Male
Merry,Tocque,mtocque7x@is.gd,Male
Easter,Round,eround7y@hc360.com,Female
Tootsie,MacInherney,tmacinherney7z@instagram.com,Female
Madella,Pace,mpace80@telegraph.co.uk,Female
Pernell,Merrywether,pmerrywether81@paypal.com,Male
Maxie,Strephan,mstrephan82@microsoft.com,Female
Roy,Abels,rabels83@go.com,Male
Suzi,Caville,scaville84@mozilla.com,Female
Stern,Cronin,scronin85@nsw.gov.au,Male
Idell,Clendinning,iclendinning86@mediafire.com,Genderfluid
Kareem,Ziehm,kziehm87@state.tx.us,Male
Rae,Tabram,rtabram88@fda.gov,Bigender
Georgeta,Grayshon,ggrayshon89@aol.com,Female
Jerrylee,Chrishop,jchrishop8a@hexun.com,Female
Roy,Petruszka,rpetruszka8b@amazon.de,Male
Kellby,Prosh,kprosh8c@desdev.cn,Male
Ronnica,Kenworthy,rkenworthy8d@biblegateway.com,Female
Rosalyn,Bernardoux,rbernardoux8e@google.ca,Genderqueer
Alleyn,Bryenton,abryenton8f@tinyurl.com,Male
Carroll,Bradshaw,cbradshaw8g@nasa.gov,Male
Mack,Wadsworth,mwadsworth8h@smh.com.au,Male
Paulina,Pickance,ppickance8i@google.de,Female
Lyell,Lille,llille8j@fc2.com,Male
Goraud,Impson,gimpson8k@omniture.com,Male
Lisette,Sheffield,lsheffield8l@cyberchimps.com,Female
Dianna,Drabble,ddrabble8m@usda.gov,Female
Jerome,Allner,jallner8n@geocities.com,Male
Erinna,Tuison,etuison8o@psu.edu,Female
Micheline,Keyte,mkeyte8p@abc.net.au,Female
Maurie,Avramchik,mavramchik8q@ucsd.edu,Male
Eden,Colgan,ecolgan8r@skyrock.com,Female
Emmalynne,Genery,egenery8s@mac.com,Bigender
Budd,Geydon,bgeydon8t@bizjournals.com,Male
Agnesse,Congreve,acongreve8u@ebay.co.uk,Female
Oralia,Camocke,ocamocke8v@tmall.com,Female
Karlens,Liptrot,kliptrot8w@hatena.ne.jp,Male
Mylo,Linge,mlinge8x@walmart.com,Male
Arabelle,Romanelli,aromanelli8y@marketwatch.com,Female
Gerick,Langeley,glangeley8z@sina.com.cn,Bigender
Wyndham,Feighry,wfeighry90@taobao.com,Male
Kerby,Bridgens,kbridgens91@arstechnica.com,Male
Beale,Teresa,bteresa92@nsw.gov.au,Agender
Ryley,Leupold,rleupold93@topsy.com,Male
Mollee,Agass,magass94@google.co.jp,Genderfluid
Lucky,Fawdry,lfawdry95@unblog.fr,Polygender
Bettina,Swalwel,bswalwel96@adobe.com,Female
Whitney,Bartolommeo,wbartolommeo97@discovery.com,Female
Celene,Gepheart,cgepheart98@bravesites.com,Female
Violette,McGahy,vmcgahy99@flickr.com,Female
Ty,Dunmuir,tdunmuir9a@privacy.gov.au,Male
Clair,Palser,cpalser9b@epa.gov,Male
Ardelis,De Luna,adeluna9c@google.com.hk,Female
Julieta,Ferrick,jferrick9d@discuz.net,Female
Tobey,Leemans,tleemans9e@about.me,Female
Cammy,Heigl,cheigl9f@delicious.com,Male
Sigismundo,Dobell,sdobell9g@google.it,Male
Adrianne,Shoebotham,ashoebotham9h@dailymail.co.uk,Female
Duke,Reckus,dreckus9i@sina.com.cn,Male
Rodi,Choulerton,rchoulerton9j@ox.ac.uk,Female
Layla,Bagnell,lbagnell9k@furl.net,Female
Carey,Lawrance,clawrance9l@tumblr.com,Female
Freddi,Naptin,fnaptin9m@hexun.com,Female
Ilaire,Beasleigh,ibeasleigh9n@360.cn,Male
Emmit,Rodger,erodger9o@tumblr.com,Male
Earlie,Teasell,eteasell9p@phpbb.com,Male
Dael,Craske,dcraske9q@google.nl,Female
Eadie,Routham,eroutham9r@wp.com,Female
Nerita,Aisman,naisman9s@123-reg.co.uk,Female
Colman,Broun,cbroun9t@dailymail.co.uk,Male
Christian,Thewlis,cthewlis9u@webs.com,Female
Krisha,Bullar,kbullar9v@comcast.net,Male
Butch,Colls,bcolls9w@free.fr,Male
Chico,Richards,crichards9x@edublogs.org,Male
Jania,Leversha,jleversha9y@godaddy.com,Female
Marissa,Waker,mwaker9z@tripadvisor.com,Agender
Christabella,Leile,cleilea0@prweb.com,Female
Tucky,Campkin,tcampkina1@de.vu,Male
Lynne,Barker,lbarkera2@sfgate.com,Female
Merl,Tupling,mtuplinga3@boston.com,Female
Gradey,Kibbee,gkibbeea4@walmart.com,Male
Lindy,Francombe,lfrancombea5@paginegialle.it,Male
Linet,Grzeszczak,lgrzeszczaka6@amazon.de,Female
Gordon,Clair,gclaira7@house.gov,Male
Rosy,McOnie,rmconiea8@hibu.com,Female
Herman,Somerled,hsomerleda9@mapquest.com,Male
Nancie,Rickert,nrickertaa@behance.net,Female
Giacinta,Dyson,gdysonab@reference.com,Female
Alexis,Baxstair,abaxstairac@elegantthemes.com,Female
Abner,Village,avillagead@angelfire.com,Genderfluid
Marjory,Crawford,mcrawfordae@1688.com,Female
Matthias,Danielski,mdanielskiaf@ovh.net,Male
Domeniga,Habin,dhabinag@dedecms.com,Female
Jammal,Figure,jfigureah@studiopress.com,Agender
Marmaduke,Capstick,mcapstickai@cam.ac.uk,Male
Oralia,Gumey,ogumeyaj@biblegateway.com,Female
Archie,Boyles,aboylesak@shinystat.com,Male
Ravid,Eldrett,reldrettal@hc360.com,Male
Ella,Hurlin,ehurlinam@plala.or.jp,Female
Amie,Basil,abasilan@geocities.jp,Female
Bambi,McKeon,bmckeonao@businesswire.com,Female
Benedetto,Fargie,bfargieap@hud.gov,Male
Beryl,Slessor,bslessoraq@ifeng.com,Female
Vergil,Kix,vkixar@godaddy.com,Male
Sharlene,Passler,spassleras@flickr.com,Female
Mervin,Seine,mseineat@dyndns.org,Male
Lowell,Marriage,lmarriageau@webeden.co.uk,Male
Shelden,Triswell,striswellav@oaic.gov.au,Male
Sybilla,Downey,sdowneyaw@nih.gov,Female
Humberto,Leyband,hleybandax@stumbleupon.com,Male
Cassaundra,Jutson,cjutsonay@bloglovin.com,Female
Raddy,Drewes,rdrewesaz@qq.com,Male
Alie,Sweating,asweatingb0@purevolume.com,Female
Barton,Adolfsen,badolfsenb1@wikimedia.org,Male
Demeter,Slaight,dslaightb2@irs.gov,Female
Catharina,O'Doherty,codohertyb3@youtu.be,Female
Allister,Mummery,amummeryb4@goo.ne.jp,Male
Bibbye,Craythorne,bcraythorneb5@indiegogo.com,Female
Sophey,Garci,sgarcib6@zimbio.com,Agender
Elfie,Nelm,enelmb7@behance.net,Female
Katee,Kenyam,kkenyamb8@ow.ly,Female
Boris,Longmuir,blongmuirb9@odnoklassniki.ru,Male
Darrick,Jorgensen,djorgensenba@gov.uk,Male
Ely,Speachley,espeachleybb@virginia.edu,Male
Florette,Bownd,fbowndbc@uol.com.br,Female
Rip,Bulch,rbulchbd@ox.ac.uk,Male
Elmer,Geill,egeillbe@amazon.co.jp,Male
Horatius,Dik,hdikbf@ning.com,Agender
Franny,Marrion,fmarrionbg@mtv.com,Female
Jay,Giraudot,jgiraudotbh@cornell.edu,Male
Bridgette,Van Haeften,bvanhaeftenbi@youku.com,Female
Brooks,Cryer,bcryerbj@alibaba.com,Female
Galvin,Constantinou,gconstantinoubk@parallels.com,Male
Merwin,Camies,mcamiesbl@meetup.com,Male
Leodora,Littleton,llittletonbm@businessinsider.com,Female
Trisha,Szreter,tszreterbn@last.fm,Female
Kermit,Gabbitas,kgabbitasbo@github.io,Male
Charita,Bresner,cbresnerbp@shinystat.com,Female
Carl,McIlherran,cmcilherranbq@hubpages.com,Male
Dennis,Wellan,dwellanbr@pinterest.com,Male
Humfrid,Meus,hmeusbs@globo.com,Male
Nicko,Parsonage,nparsonagebt@constantcontact.com,Male
Kaile,Trumble,ktrumblebu@imgur.com,Female
Elton,Kislingbury,ekislingburybv@youtube.com,Genderfluid
Verena,Schooley,vschooleybw@wix.com,Female
Cchaddie,Ganderton,cgandertonbx@booking.com,Male
Hogan,O'Heyne,hoheyneby@noaa.gov,Male
Meggy,Fowley,mfowleybz@spiegel.de,Female
Edd,Weld,eweldc0@tinypic.com,Male
Wilone,Shillitto,wshillittoc1@marriott.com,Female
Madge,Robe,mrobec2@thetimes.co.uk,Genderfluid
Gage,Doughton,gdoughtonc3@illinois.edu,Male
Gill,Kindleysides,gkindleysidesc4@census.gov,Female
Micky,Bartolozzi,mbartolozzic5@umn.edu,Male
Emanuel,Naismith,enaismithc6@virginia.edu,Male
Deloris,Roggero,droggeroc7@yahoo.co.jp,Female
Chloe,Cuddihy,ccuddihyc8@1und1.de,Female
Tommie,O'Brogane,tobroganec9@state.tx.us,Bigender
Gerick,Duckering,gduckeringca@cbslocal.com,Male
Maure,Conklin,mconklincb@umn.edu,Female
Jan,Dugall,jdugallcc@mediafire.com,Male
Marcile,Roycraft,mroycraftcd@live.com,Female
Konstantin,Mordin,kmordince@hao123.com,Male
Cal,Hoffner,choffnercf@jiathis.com,Male
Kayley,Laidlaw,klaidlawcg@cdbaby.com,Female
Lanie,Dearden,ldeardench@berkeley.edu,Male
Joshuah,Ruperti,jrupertici@mayoclinic.com,Male
Grenville,Puckham,gpuckhamcj@economist.com,Male
Adelaide,Ayliff,aayliffck@weebly.com,Female
Carlie,Askew,caskewcl@phpbb.com,Male
Milt,Daelman,mdaelmancm@icq.com,Male
Horatius,Clifton,hcliftoncn@networkadvertising.org,Male
Mela,Tremblet,mtrembletco@flavors.me,Bigender
Jessy,Winspur,jwinspurcp@cbc.ca,Female
Yasmin,Semken,ysemkencq@usnews.com,Female
Ardenia,Farrants,afarrantscr@theatlantic.com,Female
Carly,Mithon,cmithoncs@vistaprint.com,Male
Pascal,O'Keefe,pokeefect@irs.gov,Male
Doll,Dukes,ddukescu@pbs.org,Female
Sonja,Greave,sgreavecv@oracle.com,Female
Ketty,Darnbrook,kdarnbrookcw@walmart.com,Female
Charline,Chmiel,cchmielcx@sina.com.cn,Female
Tracee,Braybrooke,tbraybrookecy@ucoz.com,Female
Perkin,Geraudy,pgeraudycz@bbc.co.uk,Male
Valida,Reyson,vreysond0@un.org,Female
Ellette,Poleye,epoleyed1@altervista.org,Female
Branden,Siveter,bsiveterd2@economist.com,Male
Karl,Alam,kalamd3@chronoengine.com,Male
Shandeigh,Romero,sromerod4@foxnews.com,Female
Pepi,McMurthy,pmcmurthyd5@wired.com,Female
Babbie,Bailiss,bbailissd6@typepad.com,Female
Rozelle,Becaris,rbecarisd7@usda.gov,Female
Bunni,Elster,belsterd8@slate.com,Female
Justen,Gobat,jgobatd9@geocities.jp,Male
Clary,Waterhowse,cwaterhowseda@stumbleupon.com,Female
Ulrike,Baldick,ubaldickdb@washington.edu,Female
Blondelle,Heinzler,bheinzlerdc@omniture.com,Genderfluid
Waverley,FitzGilbert,wfitzgilbertdd@ox.ac.uk,Male
Marsh,Alwell,malwellde@vimeo.com,Male
Atlanta,Meffan,ameffandf@godaddy.com,Female
Giselle,Snoxell,gsnoxelldg@jigsy.com,Female
Rakel,Garthside,rgarthsidedh@dyndns.org,Female
Wilfrid,Reimer,wreimerdi@symantec.com,Male
Robinson,Hugonnet,rhugonnetdj@lulu.com,Male
Burgess,Meers,bmeersdk@bloglovin.com,Male
Dan,Hoonahan,dhoonahandl@wisc.edu,Male
Josi,Enderle,jenderledm@issuu.com,Female
Netti,Castana,ncastanadn@howstuffworks.com,Female
Morgan,Sturdey,msturdeydo@noaa.gov,Female
Raff,Babber,rbabberdp@wisc.edu,Male
Darrelle,Harly,dharlydq@sohu.com,Polygender
Lowrance,Kordovani,lkordovanidr@uiuc.edu,Male
Benn,McMichael,bmcmichaelds@ftc.gov,Male
Jacki,Schout,jschoutdt@sbwire.com,Female
Leah,Rowles,lrowlesdu@ebay.com,Female
Sibyl,Lacelett,slacelettdv@craigslist.org,Female
Dorette,Mawditt,dmawdittdw@seesaa.net,Female
Phaidra,O'Haire,pohairedx@techcrunch.com,Female
Jammie,Portlock,jportlockdy@phoca.cz,Female
Robbert,Lamey,rlameydz@bizjournals.com,Agender
Farrel,Jelleman,fjellemane0@dailymotion.com,Male
Hobie,Cossell,hcosselle1@sohu.com,Male
Peria,Sinden,psindene2@hud.gov,Genderqueer
Clark,Mailey,cmaileye3@sphinn.com,Male
Rosita,Comerford,rcomerforde4@example.com,Female
Tessi,Dorney,tdorneye5@webeden.co.uk,Female
Ashia,Yurkiewicz,ayurkiewicze6@hatena.ne.jp,Bigender
Roselle,Bernardelli,rbernardellie7@cbc.ca,Agender
Chrystel,Clutram,cclutrame8@economist.com,Female
Eunice,Cossor,ecossore9@weather.com,Genderqueer
Anabelle,Powelee,apoweleeea@businessinsider.com,Female
Krista,Arlow,karloweb@bigcartel.com,Female
Holly-anne,Measures,hmeasuresec@msn.com,Female
Linnell,Horrod,lhorroded@hc360.com,Female
Carmina,Hustings,chustingsee@youtu.be,Female
Joey,Moller,jmolleref@com.com,Female
Fred,Garfitt,fgarfitteg@columbia.edu,Male
Jo-anne,Dunstan,jdunstaneh@feedburner.com,Female
Huntington,Cartmael,hcartmaelei@shinystat.com,Male
Rosella,Lecordier,rlecordierej@soundcloud.com,Female
Tasha,Scalera,tscaleraek@networkadvertising.org,Female
Vance,Clunie,vclunieel@woothemes.com,Male
Abeu,Wilstead,awilsteadem@canalblog.com,Male
Renault,Eyres,reyresen@unblog.fr,Male
Kalina,Dix,kdixeo@ihg.com,Polygender
Cosimo,Polye,cpolyeep@hc360.com,Male
Koren,Isgate,kisgateeq@myspace.com,Female
Horace,Verling,hverlinger@desdev.cn,Agender
Corabelle,Middiff,cmiddiffes@qq.com,Female
Gunther,Henbury,ghenburyet@delicious.com,Male
Horst,Dalloway,hdallowayeu@1688.com,Male
Diann,Mation,dmationev@dagondesign.com,Female
Cam,McCready,cmccreadyew@slate.com,Female
Helenelizabeth,Welldrake,hwelldrakeex@europa.eu,Female
Nickie,Pinkstone,npinkstoneey@vkontakte.ru,Polygender
Bride,Foote,bfooteez@phoca.cz,Female
Constantino,McGinly,cmcginlyf0@cargocollective.com,Male
Kimball,Davidowich,kdavidowichf1@harvard.edu,Male
Giselle,Gronow,ggronowf2@bluehost.com,Female
Essa,Salvadore,esalvadoref3@usatoday.com,Female
Shay,Pounsett,spounsettf4@facebook.com,Male
Moritz,Gentile,mgentilef5@scientificamerican.com,Male
Levi,O'Driscole,lodriscolef6@tripadvisor.com,Bigender
Harriott,Leonardi,hleonardif7@newyorker.com,Female
Noam,O'Keenan,nokeenanf8@hubpages.com,Male
Carley,Spurden,cspurdenf9@usgs.gov,Female
Kathlin,Wainscoat,kwainscoatfa@cdbaby.com,Female
Deeyn,Cridge,dcridgefb@live.com,Female
Sher,Borman,sbormanfc@drupal.org,Female
Steffie,Packer,spackerfd@jugem.jp,Female
Korney,Smallwood,ksmallwoodfe@pbs.org,Female
Eduardo,Beetham,ebeethamff@boston.com,Male
Orran,Ganders,ogandersfg@cdc.gov,Male
Clarita,Garbett,cgarbettfh@multiply.com,Female
Raul,Gateland,rgatelandfi@google.com.hk,Male
Merwyn,Wittier,mwittierfj@lycos.com,Male
Vincent,Jirek,vjirekfk@zdnet.com,Male
Buddy,Columbine,bcolumbinefl@eepurl.com,Male
Cynde,Forcade,cforcadefm@whitehouse.gov,Female
Terrence,Dorrell,tdorrellfn@printfriendly.com,Male
Rayna,Nutty,rnuttyfo@gov.uk,Female
Nathalie,Winslade,nwinsladefp@newsvine.com,Female
Vanny,Yakobovicz,vyakoboviczfq@mail.ru,Female
Elnore,Dossetter,edossetterfr@t.co,Female
Bette,Coase,bcoasefs@sciencedirect.com,Female
Cymbre,Kocher,ckocherft@newyorker.com,Female
Luci,Roles,lrolesfu@scribd.com,Female
Gloria,Traise,gtraisefv@pagesperso-orange.fr,Female
Abbey,Stout,astoutfw@soundcloud.com,Polygender
Inge,Bidgood,ibidgoodfx@webmd.com,Female
Jobie,Bastone,jbastonefy@angelfire.com,Female
Pebrook,Rapkins,prapkinsfz@wix.com,Male
Jasmin,Butterick,jbutterickg0@mtv.com,Female
Marlowe,Tynnan,mtynnang1@usgs.gov,Agender
Dareen,Janes,djanesg2@bbc.co.uk,Female
Ray,Featherstone,rfeatherstoneg3@time.com,Female
Nina,Genthner,ngenthnerg4@addtoany.com,Female
Dante,Guilloton,dguillotong5@washington.edu,Male
Alena,Starcks,astarcksg6@yahoo.co.jp,Female
Misha,Newham,mnewhamg7@toplist.cz,Agender
Trixie,Laughlan,tlaughlang8@unicef.org,Female
Minetta,Bolzmann,mbolzmanng9@php.net,Female
Chicky,Van Der Weedenburg,cvanderweedenburgga@bigcartel.com,Non-binary
Ed,Donovin,edonovingb@fda.gov,Male
Virgilio,Hankinson,vhankinsongc@oakley.com,Male
Modestine,Keeffe,mkeeffegd@psu.edu,Female
Damita,Callender,dcallenderge@mapy.cz,Female
Gennie,Dict,gdictgf@altervista.org,Female
Petra,Durbridge,pdurbridgegg@hhs.gov,Female
Dennis,Autie,dautiegh@drupal.org,Male
Hayden,Ganderton,hgandertongi@pbs.org,Male
Eziechiele,Bulbeck,ebulbeckgj@dell.com,Non-binary
Vitia,Tassell,vtassellgk@bluehost.com,Female
Lenora,Lindstrom,llindstromgl@cbc.ca,Female
Herculie,Cunnell,hcunnellgm@ovh.net,Male
Arleen,Pallis,apallisgn@nyu.edu,Polygender
Merrielle,Fearnill,mfearnillgo@vinaora.com,Female
Elna,Abramovitz,eabramovitzgp@google.com.br,Female
Bobbi,Welldrake,bwelldrakegq@livejournal.com,Female
Freddie,Ordidge,fordidgegr@yahoo.com,Genderqueer
Sandor,Whitham,swhithamgs@mozilla.com,Male
Margret,Jaouen,mjaouengt@jiathis.com,Female
Cherilyn,McVanamy,cmcvanamygu@joomla.org,Female
Emilio,Chaplin,echaplingv@geocities.jp,Male
Gusta,Maase,gmaasegw@xinhuanet.com,Agender
Antonin,Cisland,acislandgx@forbes.com,Male
Herve,Cornock,hcornockgy@ask.com,Male
Mohammed,Geere,mgeeregz@shareasale.com,Male
Berti,Hairsine,bhairsineh0@theatlantic.com,Female
Molli,Carpenter,mcarpenterh1@eventbrite.com,Female
Mommy,Beavon,mbeavonh2@i2i.jp,Female
Georgena,Fontanet,gfontaneth3@livejournal.com,Female
Robbin,Manchett,rmanchetth4@last.fm,Female
Hamid,Ancliffe,hancliffeh5@google.ru,Male
Caesar,Gurko,cgurkoh6@pcworld.com,Male
Daven,Crassweller,dcrasswellerh7@webeden.co.uk,Male
Rory,Gerin,rgerinh8@arstechnica.com,Female
Tessy,Sawley,tsawleyh9@eventbrite.com,Polygender
Giovanni,Clackers,gclackersha@blogspot.com,Male
Malvina,Enterlein,menterleinhb@mapquest.com,Female
Garvy,Smeath,gsmeathhc@dailymotion.com,Genderqueer
Prentiss,Dobie,pdobiehd@sphinn.com,Male
Gusty,Pladen,gpladenhe@creativecommons.org,Female
Charla,Liddy,cliddyhf@yolasite.com,Female
Helene,Doak,hdoakhg@rambler.ru,Female
Querida,Corser,qcorserhh@who.int,Female
Hubie,Cometto,hcomettohi@whitehouse.gov,Male
Sacha,Lerwell,slerwellhj@wikispaces.com,Female
Gerry,Lomasna,glomasnahk@usa.gov,Male
Lloyd,Woolliams,lwoolliamshl@upenn.edu,Male
Raquela,Upshall,rupshallhm@cnbc.com,Female
Waverley,Abilowitz,wabilowitzhn@europa.eu,Male
Breena,Kobierski,bkobierskiho@fema.gov,Female
Paquito,Selbie,pselbiehp@slideshare.net,Male
Brendan,Ellerton,bellertonhq@google.ru,Male
Gearard,Bowes,gboweshr@weebly.com,Male
Malcolm,Core,mcorehs@1688.com,Male
Puff,Tomaszczyk,ptomaszczykht@miitbeian.gov.cn,Male
Neilla,Wade,nwadehu@chron.com,Female
Edwina,Sudworth,esudworthhv@umich.edu,Female
Eldridge,Westmarland,ewestmarlandhw@slate.com,Male
Lin,Ilieve,lilievehx@fotki.com,Male
Marilin,McQuirter,mmcquirterhy@angelfire.com,Female
Raquela,Stapforth,rstapforthhz@addthis.com,Female
Margeaux,Gillman,mgillmani0@simplemachines.org,Female
Richmound,Mullett,rmulletti1@arstechnica.com,Male
Fenelia,Burgett,fburgetti2@mit.edu,Female
Cullen,Hazeldean,chazeldeani3@patch.com,Male
Killy,Agnolo,kagnoloi4@instagram.com,Male
Almeta,Pratten,apratteni5@geocities.com,Non-binary
Elliot,Whaley,ewhaleyi6@jugem.jp,Male
Maria,Munning,mmunningi7@amazonaws.com,Female
Babb,Cummings,bcummingsi8@technorati.com,Female
Alphonso,Cody,acodyi9@blog.com,Polygender
Geri,Woodroff,gwoodroffia@stumbleupon.com,Female
Gideon,Gergely,ggergelyib@fda.gov,Male
Margie,Ghidoni,mghidoniic@privacy.gov.au,Female
Tracey,Print,tprintid@google.pl,Female
Corena,Croughan,ccroughanie@cnn.com,Female
Rivkah,Petcher,rpetcherif@woothemes.com,Female
Elmore,Guitel,eguitelig@uol.com.br,Agender
Loutitia,Bellee,lbelleeih@mapy.cz,Female
Pia,De Bruijne,pdebruijneii@jimdo.com,Female
Mignon,Dupoy,mdupoyij@princeton.edu,Female
Odelinda,Baines,obainesik@youtube.com,Female
Leshia,Grahlmans,lgrahlmansil@tiny.cc,Female
Willie,Haibel,whaibelim@netscape.com,Female
Lulita,Frowd,lfrowdin@skyrock.com,Female
Zorina,Summersett,zsummersettio@statcounter.com,Female
Joey,Clarabut,jclarabutip@example.com,Female
Ker,Prime,kprimeiq@opera.com,Male
Ingunna,Tremayne,itremayneir@state.tx.us,Female
Jocelyn,Waugh,jwaughis@dion.ne.jp,Female
Jesus,Gossop,jgossopit@privacy.gov.au,Male
Harlin,Prodrick,hprodrickiu@icio.us,Male
Flss,Gott,fgottiv@mac.com,Female
Grove,Nawton,gnawtoniw@gizmodo.com,Male
Loy,Egdell,legdellix@hubpages.com,Male
Korrie,McAmish,kmcamishiy@desdev.cn,Female
Allison,Tattam,atattamiz@arizona.edu,Female
Dennison,Brunroth,dbrunrothj0@histats.com,Male
Charisse,McCard,cmccardj1@loc.gov,Agender
Natala,Thome,nthomej2@joomla.org,Bigender
Gunilla,Pitts,gpittsj3@naver.com,Female
Nissa,Gowlett,ngowlettj4@sphinn.com,Female
Orson,Von Der Empten,ovonderemptenj5@si.edu,Male
Richardo,Kesey,rkeseyj6@is.gd,Male
Honey,Southerton,hsouthertonj7@wired.com,Female
Wilmar,Hymus,whymusj8@usgs.gov,Male
Dianna,Wedge,dwedgej9@wikia.com,Female
Clayborn,Tomkys,ctomkysja@google.fr,Male
Goldie,Wellesley,gwellesleyjb@nsw.gov.au,Female
Robers,Romaynes,rromaynesjc@histats.com,Male
Angelina,Gillogley,agillogleyjd@craigslist.org,Female
Hyacinthe,Folkard,hfolkardje@blinklist.com,Female
Ferdie,Fieldhouse,ffieldhousejf@umich.edu,Male
Cathee,Worthy,cworthyjg@mtv.com,Female
Carlin,Vile,cvilejh@salon.com,Male
Dell,Comelini,dcomeliniji@purevolume.com,Genderfluid
Aldric,Phalip,aphalipjj@moonfruit.com,Male
Claus,Lattimer,clattimerjk@nbcnews.com,Male
Pepito,Gonnin,pgonninjl@eventbrite.com,Agender
Roma,Locket,rlocketjm@bizjournals.com,Male
Rodney,Abrahmson,rabrahmsonjn@harvard.edu,Male
Michelina,Tinkler,mtinklerjo@msu.edu,Bigender
Travers,De Giorgis,tdegiorgisjp@alibaba.com,Male
Ephraim,Moland,emolandjq@illinois.edu,Male
Sunny,Danton,sdantonjr@desdev.cn,Male
Ashely,Gonzalo,agonzalojs@mapquest.com,Female
Dani,Alabaster,dalabasterjt@wsj.com,Female
Alikee,Hambric,ahambricju@bizjournals.com,Female
Merissa,Benito,mbenitojv@aboutads.info,Female
Cassy,Chapple,cchapplejw@mediafire.com,Female
Ondrea,Matterdace,omatterdacejx@independent.co.uk,Female
Paul,Tapner,ptapnerjy@shareasale.com,Male
Darryl,Maxsted,dmaxstedjz@linkedin.com,Female
Cornelle,Hillburn,chillburnk0@gravatar.com,Female
Cymbre,Olivia,coliviak1@nih.gov,Female
Rianon,Ford,rfordk2@usnews.com,Female
Aviva,Lowndesbrough,alowndesbroughk3@addtoany.com,Female
Danella,Sancroft,dsancroftk4@abc.net.au,Female
Blakeley,Votier,bvotierk5@cbc.ca,Female
Henrietta,Matthewson,hmatthewsonk6@istockphoto.com,Female
Garek,Moriarty,gmoriartyk7@i2i.jp,Male
Jarred,Gwyther,jgwytherk8@rakuten.co.jp,Male
Wendeline,Valentino,wvalentinok9@cyberchimps.com,Female
Mano,Satterlee,msatterleeka@amazonaws.com,Male
Harmonie,Abelwhite,habelwhitekb@webmd.com,Bigender
Michel,Sabater,msabaterkc@imgur.com,Male
Jana,Labarre,jlabarrekd@cdc.gov,Female
Brnaba,Kenwyn,bkenwynke@nps.gov,Male
Hymie,Lloyds,hlloydskf@cbslocal.com,Male
Anatollo,Springthorpe,aspringthorpekg@nsw.gov.au,Male
Kassey,Bratcher,kbratcherkh@pcworld.com,Female
Rheta,Hopkins,rhopkinski@symantec.com,Female
Bibi,Anyon,banyonkj@businessweek.com,Female
Tatiana,Garnar,tgarnarkk@noaa.gov,Female
Yanaton,Wadie,ywadiekl@hibu.com,Male
Flora,Matonin,fmatoninkm@google.pl,Female
Giulietta,O'Donnelly,godonnellykn@shutterfly.com,Female
Arther,Betser,abetserko@nasa.gov,Male
Daune,Older,dolderkp@homestead.com,Female
Bordy,Kayzer,bkayzerkq@tinypic.com,Genderfluid
Aloise,Belmont,abelmontkr@imageshack.us,Female
Joannes,Strathern,jstrathernks@t.co,Female
Arthur,Doggerell,adoggerellkt@plala.or.jp,Male
Morey,Bluck,mbluckku@tiny.cc,Male
Clio,Pavel,cpavelkv@hubpages.com,Female
Lila,Hanny,lhannykw@google.pl,Female
Adey,Wrightson,awrightsonkx@amazon.de,Female
Drucy,Dryden,ddrydenky@who.int,Female
Nollie,Guare,nguarekz@twitpic.com,Agender
Boigie,Worton,bwortonl0@alibaba.com,Male
Coop,Drysdall,cdrysdalll1@kickstarter.com,Male
Joela,Baldassi,jbaldassil2@icio.us,Female
Derward,Sahlstrom,dsahlstroml3@pbs.org,Male
Jilli,Urvoy,jurvoyl4@ow.ly,Female
Minerva,Vezey,mvezeyl5@amazon.co.uk,Female
Piper,Marsden,pmarsdenl6@virginia.edu,Female
Terrill,Quenby,tquenbyl7@cbc.ca,Male
Giavani,Werendell,gwerendelll8@51.la,Male
Chase,Fehner,cfehnerl9@engadget.com,Male
Vance,Nimmo,vnimmola@pagesperso-orange.fr,Male
Izabel,Borrows,iborrowslb@hp.com,Female
Roi,Simone,rsimonelc@goo.gl,Male
Rossy,Duester,rduesterld@epa.gov,Male
Trina,Lopez,tlopezle@time.com,Female
Hakim,De Few,hdefewlf@youku.com,Genderqueer
Nickolai,Selkirk,nselkirklg@bbb.org,Male
Giordano,Caney,gcaneylh@tuttocitta.it,Male
Mahala,Coultass,mcoultassli@cbc.ca,Female
Dietrich,Todeo,dtodeolj@studiopress.com,Male
Brenn,Christie,bchristielk@mapy.cz,Female
Lorrie,Buttriss,lbuttrissll@soup.io,Agender
Brinn,Mulcaster,bmulcasterlm@liveinternet.ru,Female
Jeramie,Morey,jmoreyln@bigcartel.com,Male
Hurley,Mulqueeny,hmulqueenylo@pagesperso-orange.fr,Male
Doe,Rolfi,drolfilp@goo.gl,Female
Iris,Notman,inotmanlq@yellowbook.com,Female
Wheeler,Duckerin,wduckerinlr@acquirethisname.com,Male
Alissa,Pfertner,apfertnerls@biblegateway.com,Female
Jana,McVanamy,jmcvanamylt@geocities.com,Female
Maryl,Jankovic,mjankoviclu@icio.us,Female
Bartholemy,Hicks,bhickslv@japanpost.jp,Male
Garwin,Jex,gjexlw@hubpages.com,Male
Olenka,Allderidge,oallderidgelx@elegantthemes.com,Female
Annadiane,Schubbert,aschubbertly@opera.com,Female
Denys,Dossit,ddossitlz@rakuten.co.jp,Female
Roldan,Twigge,rtwiggem0@google.com.br,Male
Hermione,Garnsworth,hgarnsworthm1@issuu.com,Female
Dukey,Jeschner,djeschnerm2@craigslist.org,Male
Nevins,Secretan,nsecretanm3@walmart.com,Male
Darell,Keays,dkeaysm4@columbia.edu,Female
Stephani,Cummings,scummingsm5@pinterest.com,Female
Bruis,Howard,bhowardm6@opera.com,Male
Henriette,Gislebert,hgislebertm7@mit.edu,Female
Meg,Abrahamian,mabrahamianm8@behance.net,Female
Celinda,Izsak,cizsakm9@symantec.com,Female
Susannah,Etherton,sethertonma@amazon.com,Bigender
Reggy,Collaton,rcollatonmb@flickr.com,Male
Reyna,Drewe,rdrewemc@admin.ch,Female
Freda,Marten,fmartenmd@amazon.co.jp,Female
Nessy,Ratcliff,nratcliffme@diigo.com,Female
Vernice,Wishkar,vwishkarmf@senate.gov,Female
Bondon,Cruddace,bcruddacemg@edublogs.org,Agender
Gaylord,Saunderson,gsaundersonmh@hp.com,Genderfluid
Madelina,Fulun,mfulunmi@ca.gov,Female
Annadiane,Degan,adeganmj@cnn.com,Female
Palm,Roscow,proscowmk@archive.org,Male
Fernando,Morrish,fmorrishml@posterous.com,Male
Dell,Danett,ddanettmm@cnn.com,Male
Myrna,Easlea,measleamn@irs.gov,Agender
Vida,Cay,vcaymo@tripadvisor.com,Female
Vittoria,Alkin,valkinmp@nymag.com,Female
Audry,Blazy,ablazymq@wisc.edu,Female
Jelene,Litterick,jlitterickmr@multiply.com,Polygender
Nappy,Fairbrace,nfairbracems@nhs.uk,Male
Lee,Petel,lpetelmt@w3.org,Male
Susi,Bownes,sbownesmu@dedecms.com,Female
Creigh,Rableau,crableaumv@alibaba.com,Male
Karalynn,Caunce,kcauncemw@theguardian.com,Female
Ettore,McMurty,emcmurtymx@digg.com,Male
Thadeus,McArtan,tmcartanmy@google.com,Male
Mercie,Chaise,mchaisemz@myspace.com,Female
Blair,Lambertazzi,blambertazzin0@hexun.com,Male
Karil,De Mico,kdemicon1@twitpic.com,Female
Noreen,Sherrell,nsherrelln2@etsy.com,Female
Dur,Willshire,dwillshiren3@vistaprint.com,Male
Agnella,Slaymaker,aslaymakern4@ezinearticles.com,Female
Rina,Quinion,rquinionn5@walmart.com,Female
Banky,Bowie,bbowien6@amazon.co.uk,Male
Paxton,Luckings,pluckingsn7@g.co,Male
Kasper,Danilchenko,kdanilchenkon8@bigcartel.com,Male
Moses,Stanlick,mstanlickn9@imageshack.us,Male
Tyne,Sainz,tsainzna@wikimedia.org,Female
Courtney,Richings,crichingsnb@home.pl,Female
Marya,Monget,mmongetnc@unesco.org,Female
Pennie,Jentgens,pjentgensnd@marriott.com,Male
Henderson,Cattell,hcattellne@youtube.com,Male
Clemente,Shine,cshinenf@myspace.com,Male
Astrid,Hellin,ahellinng@edublogs.org,Female
Brose,Batchley,bbatchleynh@nyu.edu,Male
Modestine,Dawtrey,mdawtreyni@sourceforge.net,Female
Evelina,Szymoni,eszymoninj@opera.com,Female
Theodoric,O' Cuolahan,tocuolahannk@tumblr.com,Male
Neale,Donativo,ndonativonl@aol.com,Male
Dallas,MacAndie,dmacandienm@blogspot.com,Female
Rowan,Blagbrough,rblagbroughnn@skype.com,Male
Garrick,Munkley,gmunkleyno@harvard.edu,Male
Linn,Nock,lnocknp@unicef.org,Female
Suki,Oldman,soldmannq@printfriendly.com,Polygender
Saul,Averill,saverillnr@oakley.com,Male
Abbi,Conachie,aconachiens@sciencedaily.com,Female
Abbot,Riccardo,ariccardont@is.gd,Male
Nicol,Pride,npridenu@infoseek.co.jp,Female
Betteanne,MacDermand,bmacdermandnv@irs.gov,Female
Perice,Dubbin,pdubbinnw@businesswire.com,Male
Nobe,Venables,nvenablesnx@lycos.com,Male
Elberta,Undy,eundyny@sun.com,Bigender
Pete,Fryers,pfryersnz@surveymonkey.com,Male
Marthe,Faustian,mfaustiano0@blogspot.com,Female
Buddy,Brixey,bbrixeyo1@house.gov,Male
Sonia,Insole,sinsoleo2@soundcloud.com,Female
Theobald,Kantor,tkantoro3@tinyurl.com,Male
Odele,Franzolini,ofranzolinio4@google.ca,Female
Pyotr,McLugish,pmclugisho5@rambler.ru,Male
Killy,Penni,kpennio6@xrea.com,Male
Shara,Kerfod,skerfodo7@51.la,Female
Diana,Mewhirter,dmewhirtero8@etsy.com,Female
Celene,Glynne,cglynneo9@rakuten.co.jp,Female
Maurita,Spadotto,mspadottooa@wunderground.com,Female
Antonius,Bamell,abamellob@comcast.net,Male
Shadow,Trevna,strevnaoc@princeton.edu,Male
Mano,Van den Hof,mvandenhofod@studiopress.com,Male
Becky,Primarolo,bprimarolooe@friendfeed.com,Female
Hal,Mattimoe,hmattimoeof@boston.com,Male
Tristan,Rubinlicht,trubinlichtog@t-online.de,Male
Morgun,Suttie,msuttieoh@nymag.com,Male
Cody,Myton,cmytonoi@hexun.com,Female
Chadwick,Jirousek,cjirousekoj@4shared.com,Male
Gottfried,Kalvin,gkalvinok@elpais.com,Male
Renata,Tague,rtagueol@last.fm,Female
Sibby,Deal,sdealom@typepad.com,Female
Meade,Yeardley,myeardleyon@mac.com,Female
Boothe,Josefovic,bjosefovicoo@techcrunch.com,Male
Charo,Kidner,ckidnerop@wp.com,Female
Nick,Napoleone,nnapoleoneoq@typepad.com,Male
Glennis,Silverthorn,gsilverthornor@shop-pro.jp,Female
Dunc,Domerq,ddomerqos@flavors.me,Male
Evita,Rawll,erawllot@weather.com,Female
Matty,Melburg,mmelburgou@theglobeandmail.com,Female
Bartel,Marrison,bmarrisonov@example.com,Male
Glenn,Beavon,gbeavonow@newsvine.com,Female
Bary,Ferries,bferriesox@theglobeandmail.com,Male
Alessandro,Balducci,abalduccioy@xing.com,Male
Margie,Blamey,mblameyoz@list-manage.com,Female
Darrick,Hargerie,dhargeriep0@devhub.com,Male
Garrott,Caton,gcatonp1@behance.net,Male
Armando,Chaffin,achaffinp2@va.gov,Bigender
Maitilde,Troutbeck,mtroutbeckp3@furl.net,Female
Melissa,Greger,mgregerp4@netvibes.com,Female
Friedrich,Swyer,fswyerp5@chronoengine.com,Male
Dominica,Rimington,drimingtonp6@e-recht24.de,Female
Jerad,Koppens,jkoppensp7@php.net,Male
Clare,Latek,clatekp8@eepurl.com,Male
Roderic,Mitrovic,rmitrovicp9@bing.com,Male
Bryon,Johnstone,bjohnstonepa@arstechnica.com,Male
Derron,Mowle,dmowlepb@state.tx.us,Male
Wakefield,Mawtus,wmawtuspc@studiopress.com,Male
Roxana,Boncore,rboncorepd@360.cn,Female
Hendrick,Elgee,helgeepe@xrea.com,Male
Dion,Almeida,dalmeidapf@zimbio.com,Male
Tirrell,Monroe,tmonroepg@dailymail.co.uk,Male
Darin,Fellenor,dfellenorph@disqus.com,Male
Pip,Feathers,pfeatherspi@elpais.com,Male
Mirabella,Sandal,msandalpj@discuz.net,Female
Otto,Beevers,obeeverspk@hao123.com,Male
Pansy,Huebner,phuebnerpl@bloomberg.com,Female
Ramona,Cornehl,rcornehlpm@mediafire.com,Female
Lil,Housley,lhousleypn@dailymotion.com,Female
Foss,De Castri,fdecastripo@blinklist.com,Male
Nikoletta,Nisby,nnisbypp@constantcontact.com,Female
Brittany,Baldin,bbaldinpq@acquirethisname.com,Female
Marisa,Fake,mfakepr@360.cn,Female
Caresse,Mattke,cmattkeps@domainmarket.com,Female
Caterina,Guyot,cguyotpt@phoca.cz,Female
Cybil,Frankel,cfrankelpu@comsenz.com,Female
Asa,Frankom,afrankompv@amazon.co.jp,Male
Kenn,Profit,kprofitpw@paginegialle.it,Male
Jeremy,Liepina,jliepinapx@dyndns.org,Male
Elli,Reisen,ereisenpy@phpbb.com,Female
Morton,Pinks,mpinkspz@usnews.com,Bigender
Thain,Hunnisett,thunnisettq0@slideshare.net,Male
Charlene,Puzey,cpuzeyq1@paginegialle.it,Genderqueer
Tobiah,Birdwhistell,tbirdwhistellq2@dmoz.org,Polygender
Harry,Worsall,hworsallq3@mail.ru,Male
Beale,Millership,bmillershipq4@comsenz.com,Male
Jemie,Ortelt,jorteltq5@deliciousdays.com,Female
Emmanuel,Bruck,ebruckq6@surveymonkey.com,Male
Alvira,Hubbis,ahubbisq7@ted.com,Female
Ileane,Hindes,ihindesq8@sciencedaily.com,Genderfluid
Nadia,Kinahan,nkinahanq9@soundcloud.com,Female
Cyb,Rheaume,crheaumeqa@earthlink.net,Female
Link,Streetfield,lstreetfieldqb@360.cn,Male
Alie,McQuillan,amcquillanqc@blogtalkradio.com,Female
Daryle,Biasioni,dbiasioniqd@surveymonkey.com,Male
Galen,McNelly,gmcnellyqe@yelp.com,Bigender
Ebenezer,Duffree,eduffreeqf@intel.com,Male
Kimmi,Rutter,krutterqg@ucla.edu,Female
Darrelle,Kiley,dkileyqh@dell.com,Bigender
Daisy,Camm,dcammqi@csmonitor.com,Female
Winston,Johncey,wjohnceyqj@desdev.cn,Male
Clarke,Roseman,crosemanqk@nsw.gov.au,Polygender
Abbe,Gewer,agewerql@wordpress.org,Female
Hussein,Perkis,hperkisqm@devhub.com,Male
Pepito,Lamey,plameyqn@pen.io,Male
Sunny,McCaffery,smccafferyqo@ucoz.ru,Female
Gearard,Hannen,ghannenqp@prweb.com,Male
Merilee,Zanicchelli,mzanicchelliqq@blogspot.com,Female
Renault,Breffitt,rbreffittqr@theglobeandmail.com,Male
Lizbeth,Massy,lmassyqs@dailymail.co.uk,Female
Sky,Gilliard,sgilliardqt@goo.gl,Genderfluid
Opaline,Gammidge,ogammidgequ@mit.edu,Female
Bette,Dourin,bdourinqv@reference.com,Bigender
Stafford,Itzkowicz,sitzkowiczqw@sphinn.com,Male
Johann,Arnault,jarnaultqx@miibeian.gov.cn,Bigender
Rad,Tuckwell,rtuckwellqy@kickstarter.com,Male
Travis,Gozzard,tgozzardqz@cnet.com,Male
Brett,Eldred,beldredr0@1und1.de,Male
Shanta,Guidera,sguiderar1@cyberchimps.com,Female
Genny,Ingilson,gingilsonr2@noaa.gov,Female
Torin,Kobisch,tkobischr3@bandcamp.com,Male
Harvey,Baiss,hbaissr4@drupal.org,Male
Clark,Haggish,chaggishr5@mozilla.org,Male
Byrann,Vautrey,bvautreyr6@csmonitor.com,Male
Shay,Falconbridge,sfalconbridger7@hibu.com,Male
Jsandye,Kilfedder,jkilfedderr8@umich.edu,Female
Alvina,Kynson,akynsonr9@google.es,Female
Iggy,Rosengarten,irosengartenra@php.net,Male
Kiah,Busen,kbusenrb@miibeian.gov.cn,Female
Addie,Yeell,ayeellrc@bloglovin.com,Male
Cecilla,Bonney,cbonneyrd@ft.com,Female
Lonnard,Mulheron,lmulheronre@google.nl,Male
Goldina,Saladin,gsaladinrf@illinois.edu,Female
Nathanial,Pendrich,npendrichrg@mail.ru,Male
Annette,Scrimshire,ascrimshirerh@bloglovin.com,Female
Easter,Goby,egobyri@meetup.com,Female
Leese,Bortolozzi,lbortolozzirj@craigslist.org,Female
Jacintha,Daffern,jdaffernrk@census.gov,Bigender
Darrelle,Callender,dcallenderrl@freewebs.com,Female
Nicholas,Twitty,ntwittyrm@imgur.com,Male
Mildred,Bulcroft,mbulcroftrn@tumblr.com,Female
Merissa,Chubb,mchubbro@hibu.com,Female
Justen,Pendlington,jpendlingtonrp@xrea.com,Male
Leland,Nickless,lnicklessrq@vinaora.com,Male
Lancelot,Vauter,lvauterrr@intel.com,Male