Lay,Tolchar,ltolchar0@guardian.co.uk,Male
Travus,Dartan,tdartan1@apple.com,Male
Mimi,Guise,mguise2@ftc.gov,Female
Annetta,Burnapp,aburnapp3@miibeian.gov.cn,Female
Basia,Vannuccini,bvannuccini4@pbs.org,Female
Benito,Foggo,bfoggo5@tmall.com,Male
Rivi,Thunderman,rthunderman6@stanford.edu,Female
Carolynn,Pyzer,cpyzer7@wikispaces.com,Female
Cynde,Dow,cdow8@msn.com,Female
Clarinda,Danis,cdanis9@nbcnews.com,Genderqueer
Phillipe,Wards,pwardsa@bigcartel.com,Male
Prissie,Mitchelmore,pmitchelmoreb@slideshare.net,Female
Donnie,Jochens,djochensc@yahoo.com,Female
Bel,Stirrip,bstirripd@macromedia.com,Agender
Whitby,Phillippo,wphillippoe@elegantthemes.com,Male
Sylvester,MacKnockiter,smacknockiterf@usnews.com,Male
Fredek,Elcoux,felcouxg@fema.gov,Male
Rockey,Entwistle,rentwistleh@hud.gov,Male
Umeko,Cawood,ucawoodi@biblegateway.com,Female
Glenine,Skoughman,gskoughmanj@devhub.com,Female
Brittan,Jones,bjonesk@unblog.fr,Genderqueer
Catie,Bartomeu,cbartomeul@techcrunch.com,Female
Berti,Peddel,bpeddelm@japanpost.jp,Male
Gibbie,Duffill,gduffilln@quantcast.com,Male
Carol,Ainge,caingeo@ftc.gov,Female
Eilis,Elves,eelvesp@ibm.com,Female
Erek,Lindeman,elindemanq@marketwatch.com,Male
Annora,Stump,astumpr@prweb.com,Female
Leeann,Blowfield,lblowfields@prlog.org,Genderqueer
Humfrid,Huc,hhuct@privacy.gov.au,Male
Wood,Huyton,whuytonu@unesco.org,Male
Trula,Meaddowcroft,tmeaddowcroftv@discovery.com,Female
Moyra,Reuther,mreutherw@angelfire.com,Bigender
Rosana,Rosgen,rrosgenx@go.com,Female
Meta,Heeks,mheeksy@facebook.com,Female
Massimiliano,Ezele,mezelez@boston.com,Male
Erick,Rosenvasser,erosenvasser10@com.com,Male
Creighton,Isakowicz,cisakowicz11@soup.io,Male
Amery,Gaddes,agaddes12@abc.net.au,Male
Renard,Slaughter,rslaughter13@redcross.org,Male
Bradley,Killby,bkillby14@nature.com,Male
Clarence,Doohey,cdoohey15@phpbb.com,Non-binary
Gigi,Pifford,gpifford16@homestead.com,Female
Reynolds,Cain,rcain17@ocn.ne.jp,Male
Katherina,Pringer,kpringer18@domainmarket.com,Female
Rory,Ferier,rferier19@com.com,Genderqueer
Lothaire,Crambie,lcrambie1a@amazon.de,Male
Palm,Burt,pburt1b@multiply.com,Male
Thacher,Royl,troyl1c@pinterest.com,Male
Deni,De Gregoli,ddegregoli1d@macromedia.com,Female
Ada,Welton,awelton1e@php.net,Female
Robin,Matejka,rmatejka1f@imgur.com,Male
Son,Buffham,sbuffham1g@oakley.com,Male
Darlleen,Smallpeice,dsmallpeice1h@jimdo.com,Female
Thedric,Braksper,tbraksper1i@gravatar.com,Male
Joyann,Sherwyn,jsherwyn1j@booking.com,Polygender
Eugenio,Heatly,eheatly1k@ox.ac.uk,Male
Cindra,Scole,cscole1l@nydailynews.com,Female
Stephani,Pena,spena1m@topsy.com,Female
Gretta,Winslade,gwinslade1n@mapquest.com,Female
Mame,Benduhn,mbenduhn1o@wunderground.com,Female
Brice,Elwood,belwood1p@washingtonpost.com,Male
Marjy,Lamar,mlamar1q@mozilla.org,Female
Vittorio,Sabine,vsabine1r@nifty.com,Male
Marrissa,Youson,myouson1s@topsy.com,Female
Krishna,Hellicar,khellicar1t@state.gov,Male
Susan,Jacobsohn,sjacobsohn1u@ebay.com,Female
Arlette,Marusik,amarusik1v@blogs.com,Female
Matilde,Ardling,mardling1w@irs.gov,Female
Hartley,Rohlfs,hrohlfs1x@dagondesign.com,Male
Hodge,Gowthrop,hgowthrop1y@mozilla.org,Male
Clark,Russan,crussan1z@mapquest.com,Male
Hali,Gammell,hgammell20@networkadvertising.org,Female
Justen,Everingham,jeveringham21@sfgate.com,Male
Dewain,Notton,dnotton22@discuz.net,Male
Calypso,Adam,cadam23@ovh.net,Female
Korney,Prestedge,kprestedge24@who.int,Agender
Dilan,Emtage,demtage25@amazon.co.uk,Male
Erek,Galloway,egalloway26@thetimes.co.uk,Male
Catrina,Beed,cbeed27@symantec.com,Female
Nikki,Pressey,npressey28@deliciousdays.com,Male
Pearla,Andersch,pandersch29@cnbc.com,Female
Tommi,Van Arsdale,tvanarsdale2a@ameblo.jp,Female
Nelia,Upham,nupham2b@adobe.com,Female
Cyndie,Barefoot,cbarefoot2c@usgs.gov,Bigender
Carlen,Gatecliff,cgatecliff2d@google.com.br,Female
Saul,Rase,srase2e@nih.gov,Male
Dulcea,Benitez,dbenitez2f@loc.gov,Bigender
Keen,Ollander,kollander2g@naver.com,Male
Jordain,Clubley,jclubley2h@newsvine.com,Female
Catriona,Baroux,cbaroux2i@yahoo.com,Female
Asa,Furmonger,afurmonger2j@salon.com,Male
Crista,O'Glassane,coglassane2k@homestead.com,Female
Beryl,Folan,bfolan2l@liveinternet.ru,Female
Hazlett,O'Carran,hocarran2m@dagondesign.com,Bigender
Giselbert,Howieson,ghowieson2n@goo.ne.jp,Male
Zuzana,Matura,zmatura2o@booking.com,Female
Sascha,Currin,scurrin2p@qq.com,Female
Richie,Worland,rworland2q@weibo.com,Male
Roanna,Plante,rplante2r@vistaprint.com,Female
Simonne,Bracher,sbracher2s@ebay.com,Female
Teddi,Deluca,tdeluca2t@google.com.hk,Non-binary
Sapphire,Stranio,sstranio2u@gnu.org,Female
Wandie,Hulkes,whulkes2v@ucsd.edu,Female
Arri,Tonks,atonks2w@fotki.com,Male
Siobhan,Shine,sshine2x@dot.gov,Female
Rudolfo,Sabben,rsabben2y@tinyurl.com,Male
Brien,Loder,bloder2z@zimbio.com,Male
Edsel,Abilowitz,eabilowitz30@sourceforge.net,Male
Mylo,Fairney,mfairney31@fda.gov,Male
Gerhard,Klaas,gklaas32@mit.edu,Male
Romeo,Ors,rors33@unesco.org,Male
Brandy,Lerway,blerway34@ask.com,Female
Moritz,Beharrell,mbeharrell35@hibu.com,Male
Georgeanne,Harkess,gharkess36@wix.com,Female
Nester,Dowell,ndowell37@ftc.gov,Male
Mannie,Saladin,msaladin38@tiny.cc,Male
Buckie,Lamden,blamden39@nhs.uk,Male
Sloan,Bamb,sbamb3a@youku.com,Bigender
Lemar,Yanne,lyanne3b@yolasite.com,Polygender
Gaby,Scolts,gscolts3c@plala.or.jp,Genderqueer
Lenka,Gravenell,lgravenell3d@arizona.edu,Female
Nicol,Gowman,ngowman3e@admin.ch,Male
Leesa,Ivimy,livimy3f@usatoday.com,Female
Doloritas,Mumberson,dmumberson3g@com.com,Female
Regine,Ugo,rugo3h@salon.com,Female
Joellyn,Fazakerley,jfazakerley3i@google.ru,Female
Iolanthe,Choke,ichoke3j@indiatimes.com,Female
Boigie,Lewsy,blewsy3k@youku.com,Male
Onfre,Balthasar,obalthasar3l@utexas.edu,Male
Jarrod,Heustice,jheustice3m@zdnet.com,Male
Kimberly,Creyke,kcreyke3n@youtu.be,Female
Shalna,Hursey,shursey3o@sbwire.com,Female
Blisse,Heavens,bheavens3p@cafepress.com,Non-binary
Clio,Hamblett,chamblett3q@weebly.com,Female
Bette,Ridolfo,bridolfo3r@cbc.ca,Female
Alfie,Darwin,adarwin3s@patch.com,Female
Mervin,Gras,mgras3t@apple.com,Male
Reinald,Blasoni,rblasoni3u@slideshare.net,Male
Quintin,McLinden,qmclinden3v@ovh.net,Male
Angelita,Combe,acombe3w@ed.gov,Female
Lucius,Dahlbom,ldahlbom3x@squarespace.com,Male
Viola,Cargon,vcargon3y@dot.gov,Female
Johnath,Klageman,jklageman3z@intel.com,Female
Randal,Sainter,rsainter40@home.pl,Male
Bat,Volcker,bvolcker41@bloglines.com,Male
Wyndham,Kinnie,wkinnie42@ycombinator.com,Male
Willie,Duxbarry,wduxbarry43@geocities.com,Male
Gilda,Elam,gelam44@webnode.com,Genderfluid
Logan,Moseley,lmoseley45@redcross.org,Male
Randy,Constanza,rconstanza46@accuweather.com,Male
Austin,Fosse,afosse47@slashdot.org,Female
Rozalie,Eagles,reagles48@naver.com,Female
Zahara,Lardier,zlardier49@economist.com,Female
Annora,Yerrell,ayerrell4a@dion.ne.jp,Female
Pete,Rudwell,prudwell4b@quantcast.com,Male
Lurlene,Feavers,lfeavers4c@slideshare.net,Female
Ana,Ovill,aovill4d@taobao.com,Female
Anne,Rayworth,arayworth4e@live.com,Female
Berget,Powdrell,bpowdrell4f@virginia.edu,Female
Nicolle,Brislane,nbrislane4g@nasa.gov,Female
Coreen,Pietruschka,cpietruschka4h@angelfire.com,Female
Aluin,MacConnechie,amacconnechie4i@mtv.com,Male
Renato,Barthropp,rbarthropp4j@cdc.gov,Male
Hildegarde,Vose,hvose4k@amazonaws.com,Female
Abigael,Anster,aanster4l@nasa.gov,Female
Neel,Moneti,nmoneti4m@4shared.com,Male
Flinn,Fallon,ffallon4n@biblegateway.com,Male
Raymund,Parram,rparram4o@bluehost.com,Polygender
Norry,Brakespear,nbrakespear4p@elpais.com,Male
Jere,Dudlestone,jdudlestone4q@ucsd.edu,Genderfluid
Andra,Oxshott,aoxshott4r@google.ru,Agender
Philip,Guesford,pguesford4s@sohu.com,Male
Blair,Bounds,bbounds4t@google.com.br,Male
Agneta,Tiery,atiery4u@loc.gov,Female
Gabriel,Arbor,garbor4v@prnewswire.com,Male
Gabie,MacLennan,gmaclennan4w@nydailynews.com,Female
Orsola,Bax,obax4x@webs.com,Female
Kenneth,Whiteway,kwhiteway4y@google.pl,Male
Lem,Benbough,lbenbough4z@digg.com,Male
Rafaela,Pover,rpover50@nature.com,Non-binary
Fairleigh,Scaplehorn,fscaplehorn51@xinhuanet.com,Male
Nahum,Mecco,nmecco52@zimbio.com,Male
Minny,Enden,menden53@latimes.com,Female
Lionel,Claricoats,lclaricoats54@nytimes.com,Genderqueer
Pascal,McGenis,pmcgenis55@indiatimes.com,Male
Dallas,Strudwick,dstrudwick56@com.com,Male
Cinderella,Gypson,cgypson57@biglobe.ne.jp,Non-binary
Blaire,Serotsky,bserotsky58@earthlink.net,Female
Lissi,Mitchard,lmitchard59@lulu.com,Female
Franni,Gerrill,fgerrill5a@java.com,Genderqueer
Carolann,Huff,chuff5b@reference.com,Female
Vittoria,Lanphere,vlanphere5c@fc2.com,Genderfluid
Carlynn,Margrem,cmargrem5d@tiny.cc,Female
Vaughan,Lymer,vlymer5e@goodreads.com,Genderfluid
Abagael,Sutherland,asutherland5f@comsenz.com,Female
Riki,List,rlist5g@com.com,Female
Sissie,Gouck,sgouck5h@dropbox.com,Female
Bevan,McShane,bmcshane5i@techcrunch.com,Non-binary
Johna,McCall,jmccall5j@drupal.org,Female
Towny,Brower,tbrower5k@shareasale.com,Genderqueer
Silvia,Isacsson,sisacsson5l@google.fr,Female
Donica,Segge,dsegge5m@upenn.edu,Non-binary
Adelaide,Odams,aodams5n@google.com.hk,Female
Sauveur,Smellie,ssmellie5o@elegantthemes.com,Male
Kilian,Dennerley,kdennerley5p@yelp.com,Male
Tiffanie,Langton,tlangton5q@behance.net,Genderqueer
Gretel,Woodthorpe,gwoodthorpe5r@blog.com,Female
Kirstyn,Mitkin,kmitkin5s@xinhuanet.com,Female
Claudian,Eckh,ceckh5t@squarespace.com,Male
Edeline,Rawles,erawles5u@cnbc.com,Female
Ignazio,Bunyard,ibunyard5v@mozilla.com,Male
Arron,Moy,amoy5w@imageshack.us,Polygender
Emmett,Wase,ewase5x@xrea.com,Male
Evelyn,Lindsley,elindsley5y@opensource.org,Male
Correna,Denness,cdenness5z@flickr.com,Non-binary
Fernanda,Mc Combe,fmccombe60@cornell.edu,Female
Lucais,Chern,lchern61@t.co,Male
Corissa,Flegg,cflegg62@cnbc.com,Bigender
Sherlock,Grishenkov,sgrishenkov63@si.edu,Male
Iggie,Gegay,igegay64@lycos.com,Male
Krishnah,Cracker,kcracker65@linkedin.com,Male
Swen,Lewisham,slewisham66@homestead.com,Male
Woody,Balaizot,wbalaizot67@bigcartel.com,Male
Guinevere,Scrigmour,gscrigmour68@cocolog-nifty.com,Non-binary
Mitchael,MacCaughan,mmaccaughan69@opensource.org,Male
Carola,Sambath,csambath6a@lycos.com,Female
Liza,Jukes,ljukes6b@jimdo.com,Polygender
Sig,Swynfen,sswynfen6c@bluehost.com,Male
Pedro,Kyston,pkyston6d@bigcartel.com,Male
Zorina,Edsall,zedsall6e@tumblr.com,Female
Johnny,Spyvye,jspyvye6f@last.fm,Male
Teodora,Brower,tbrower6g@wiley.com,Female
Diane,Jerzak,djerzak6h@sakura.ne.jp,Bigender
Margaretha,Kynston,mkynston6i@elegantthemes.com,Female
Micheal,Lacroutz,mlacroutz6j@engadget.com,Male
Jeremiah,Lishman,jlishman6k@imgur.com,Male
Fleming,Attwool,fattwool6l@vistaprint.com,Male
Elmo,Willard,ewillard6m@dell.com,Male
Pepita,Matthews,pmatthews6n@senate.gov,Female
Alvinia,Hellwig,ahellwig6o@bravesites.com,Female
Nathan,Picker,npicker6p@dagondesign.com,Male
Winfield,Deeble,wdeeble6q@comsenz.com,Male
Melita,Tonsley,mtonsley6r@go.com,Female
Gracia,Bampford,gbampford6s@fastcompany.com,Female
Janis,Ramage,jramage6t@noaa.gov,Genderqueer
Josias,Godden,jgodden6u@blogspot.com,Male
Alice,Barense,abarense6v@acquirethisname.com,Female
Jourdan,Campos,jcampos6w@linkedin.com,Female
Denny,MacLaughlin,dmaclaughlin6x@soundcloud.com,Male
Kaitlynn,Liggens,kliggens6y@topsy.com,Female
Denise,Swate,dswate6z@last.fm,Female
Roland,Woolacott,rwoolacott70@craigslist.org,Male
Arte,Macrow,amacrow71@home.pl,Male
Jeffry,Rumgay,jrumgay72@dropbox.com,Male
Violetta,Keaveney,vkeaveney73@google.co.uk,Female
Abbe,Pinchen,apinchen74@senate.gov,Non-binary
Katee,Blasiak,kblasiak75@bravesites.com,Female
Shirline,Roome,sroome76@cargocollective.com,Female
Edgard,Burger,eburger77@google.ca,Male
Andras,Yeskov,ayeskov78@blogspot.com,Male
Charissa,Linnane,clinnane79@shareasale.com,Female
Barbara,Culross,bculross7a@chronoengine.com,Female
Donavon,Grimsditch,dgrimsditch7b@kickstarter.com,Male
Boris,Heliot,bheliot7c@intel.com,Male
Kali,Addicote,kaddicote7d@wordpress.com,Female
Peria,Haddock,phaddock7e@archive.org,Female
Elvin,Elvin,eelvin7f@yolasite.com,Male
Rosemaria,Smethurst,rsmethurst7g@google.ca,Female
Dewain,Broodes,dbroodes7h@list-manage.com,Male
Lawton,Davidman,ldavidman7i@clickbank.net,Male
Lombard,Bennison,lbennison7j@facebook.com,Male
Alair,Anthoney,aanthoney7k@digg.com,Male
Tiffani,Cashell,tcashell7l@e-recht24.de,Female
Fleur,Martland,fmartland7m@gmpg.org,Female
Natalya,De Roos,nderoos7n@blogs.com,Female
Olivette,Finnick,ofinnick7o@printfriendly.com,Female
Hildy,Penwright,hpenwright7p@seattletimes.com,Female
Egor,Strode,estrode7q@dion.ne.jp,Male
Avis,Castri,acastri7r@go.com,Female
Lynn,Hendriksen,lhendriksen7s@nyu.edu,Female
Keefe,Tathacott,ktathacott7t@xrea.com,Genderqueer
Skylar,Danihel,sdanihel7u@moonfruit.com,Male
Vaughan,Woodier,vwoodier7v@slate.com,Genderqueer
Vick,Happel,vhappel7w@mail.ru,Male
Tobe,Walczak,twalczak7x@friendfeed.com,Male
Korney,Dole,kdole7y@bloglovin.com,Female
Darby,Alti,dalti7z@domainmarket.com,Female
Ariella,Daventry,adaventry80@hostgator.com,Female
Ali,Shurmore,ashurmore81@is.gd,Male
Rowe,Stobart,rstobart82@cargocollective.com,Female
Paulette,Szanto,pszanto83@wisc.edu,Female
Jennette,Kellaway,jkellaway84@biblegateway.com,Female
Zerk,Acres,zacres85@multiply.com,Male
Devi,Cestard,dcestard86@fotki.com,Polygender
Afton,McLaughlin,amclaughlin87@cbc.ca,Female
Alonzo,Ginnelly,aginnelly88@about.me,Male
Brett,Swanwick,bswanwick89@example.com,Male
Zeke,Bustin,zbustin8a@baidu.com,Agender
Anstice,Haighton,ahaighton8b@oaic.gov.au,Female
Lane,Dibner,ldibner8c@accuweather.com,Male
Mavis,Chaffin,mchaffin8d@flickr.com,Female
Rachael,Happert,rhappert8e@alexa.com,Female
Dyanna,Nibley,dnibley8f@prlog.org,Female
Jennilee,Rimmer,jrimmer8g@chicagotribune.com,Female
Edik,Sonnenschein,esonnenschein8h@chronoengine.com,Male
Fons,Bartkowiak,fbartkowiak8i@woothemes.com,Male
Johnna,Smorthwaite,jsmorthwaite8j@army.mil,Female
Jacynth,Ryland,jryland8k@delicious.com,Female
Fawnia,Kilian,fkilian8l@storify.com,Female
Arleta,Stower,astower8m@ucla.edu,Female
Rosalind,Baress,rbaress8n@hibu.com,Female
Cecil,Adamovitz,cadamovitz8o@blinklist.com,Female
Leroy,Tryme,ltryme8p@bloomberg.com,Male
Kial,Lys,klys8q@ameblo.jp,Female
Bibbie,Siddle,bsiddle8r@icio.us,Female
Sybyl,Feldmark,sfeldmark8s@dagondesign.com,Female
Daniela,Schukert,dschukert8t@mit.edu,Female
Isobel,Collum,icollum8u@rambler.ru,Female
Andros,Crumb,acrumb8v@whitehouse.gov,Male
Tann,Hollingshead,thollingshead8w@hibu.com,Male
Kerwin,Litel,klitel8x@newyorker.com,Male
Luelle,Mingauld,lmingauld8y@bizjournals.com,Female
Krispin,Webermann,kwebermann8z@bandcamp.com,Male
Regen,Bradforth,rbradforth90@nyu.edu,Male
Candace,Redsull,credsull91@dailymail.co.uk,Female
Alexandr,Giorgiutti,agiorgiutti92@scientificamerican.com,Male
Cord,Corrison,ccorrison93@privacy.gov.au,Male
Mattheus,Mains,mmains94@blinklist.com,Male
Base,Featherstone,bfeatherstone95@mit.edu,Male
Tammi,Ashpital,tashpital96@cmu.edu,Female
Lodovico,Ryburn,lryburn97@vk.com,Male
Adler,Kornel,akornel98@joomla.org,Male
Merna,Pankethman,mpankethman99@wp.com,Female
Suzette,Conklin,sconklin9a@e-recht24.de,Female
Quinta,Dairton,qdairton9b@tripadvisor.com,Female
Lorna,Hemerijk,lhemerijk9c@cisco.com,Female
Ulrikaumeko,Simeoni,usimeoni9d@google.cn,Female
Adrian,Dunphy,adunphy9e@gravatar.com,Female
Ophelie,Newbatt,onewbatt9f@umn.edu,Female
Tiebout,Gofford,tgofford9g@adobe.com,Male
Lorilyn,Layborn,llayborn9h@sogou.com,Female
Robinet,Cranidge,rcranidge9i@tamu.edu,Female
Sophie,Sayburn,ssayburn9j@woothemes.com,Female
Katlin,Tregaskis,ktregaskis9k@nydailynews.com,Female
Wes,Janssen,wjanssen9l@howstuffworks.com,Male
Ula,Awin,uawin9m@aboutads.info,Female
Jeannette,Bum,jbum9n@sohu.com,Female
Alf,Hanbridge,ahanbridge9o@google.pl,Male
Nero,Brisset,nbrisset9p@dailymotion.com,Male
Franciskus,Sibbald,fsibbald9q@craigslist.org,Male
Maggi,Houseago,mhouseago9r@istockphoto.com,Female
Gloriane,Stamps,gstamps9s@digg.com,Female
Michaella,Carne,mcarne9t@cdc.gov,Female
Giselle,Rowaszkiewicz,growaszkiewicz9u@cpanel.net,Female
Yul,Sellers,ysellers9v@desdev.cn,Male
Halsey,Cassy,hcassy9w@geocities.jp,Male
Shae,Stillert,sstillert9x@vk.com,Female
Isaiah,Shipman,ishipman9y@netlog.com,Male
Roxanne,Colten,rcolten9z@scribd.com,Polygender
Ernaline,Bussey,ebusseya0@rambler.ru,Female
Clemence,Redmell,credmella1@google.com,Bigender
Wilmar,Leyton,wleytona2@trellian.com,Male
Kinna,Fenty,kfentya3@java.com,Female
Godard,Bendixen,gbendixena4@facebook.com,Male
Ludvig,Cicconetti,lcicconettia5@harvard.edu,Male
Clyve,Burnyate,cburnyatea6@tripadvisor.com,Male
Adena,Walrond,awalronda7@wikimedia.org,Female
Freddy,Crole,fcrolea8@mtv.com,Genderqueer
Patty,Amies,pamiesa9@jiathis.com,Female
Wright,Hawford,whawfordaa@youtube.com,Male
Gerhard,Dradey,gdradeyab@squidoo.com,Genderfluid
Manny,Eastop,meastopac@amazon.com,Male
Shalna,Bartholin,sbartholinad@oaic.gov.au,Female
Billy,Caramuscia,bcaramusciaae@shop-pro.jp,Male
Georgy,Gammack,ggammackaf@army.mil,Genderqueer
Alasteir,Ubanks,aubanksag@wisc.edu,Male
Kylie,Chappelow,kchappelowah@gmpg.org,Male
Enrica,Percival,epercivalai@trellian.com,Female
Xever,Deviney,xdevineyaj@europa.eu,Male
Ado,Elgey,aelgeyak@twitter.com,Male
Gino,Rickards,grickardsal@cnet.com,Male
Ami,Looks,alooksam@redcross.org,Female
Tim,Gartrell,tgartrellan@statcounter.com,Genderfluid
Ansley,Tugwell,atugwellao@biglobe.ne.jp,Female
Tripp,De Rechter,tderechterap@mozilla.com,Male
Harland,Filyukov,hfilyukovaq@cisco.com,Male
Rene,Haysar,rhaysarar@arstechnica.com,Female
Reade,Bes,rbesas@jimdo.com,Male
Franciska,Wakeford,fwakefordat@stanford.edu,Female
Neale,Basnett,nbasnettau@mozilla.org,Male
Belicia,Wayper,bwayperav@indiatimes.com,Female
Costa,Jewes,cjewesaw@facebook.com,Male
Sofia,Paddy,spaddyax@mit.edu,Female
Ode,Gamlen,ogamlenay@pbs.org,Male
Deeann,Findon,dfindonaz@narod.ru,Agender
Zebedee,Castellone,zcastelloneb0@rediff.com,Male
Fairlie,Ricoald,fricoaldb1@apple.com,Male
Hale,Spencook,hspencookb2@apple.com,Male
Erhart,Blaver,eblaverb3@diigo.com,Male
Almeria,Guilloton,aguillotonb4@unesco.org,Female
Hyacinthe,McKall,hmckallb5@cisco.com,Female
Ddene,Sudran,dsudranb6@irs.gov,Female
Pedro,Dolle,pdolleb7@shutterfly.com,Male
Cassius,Measen,cmeasenb8@intel.com,Male
Shaina,Cridlin,scridlinb9@studiopress.com,Female
Octavia,Egell,oegellba@blogspot.com,Female
Madelin,Dungay,mdungaybb@biblegateway.com,Female
Korie,Welsby,kwelsbybc@addthis.com,Female
Rubi,Leavens,rleavensbd@dyndns.org,Female
Emelia,Jewar,ejewarbe@hud.gov,Female
Kalinda,Coursor,kcoursorbf@ovh.net,Female
Morly,Cyseley,mcyseleybg@ox.ac.uk,Male
Kyle,Gouge,kgougebh@amazon.co.uk,Female
Zelma,Catonnet,zcatonnetbi@etsy.com,Polygender
Ree,Bearward,rbearwardbj@oakley.com,Female
Myrah,Gwyllt,mgwylltbk@facebook.com,Female
Keelby,Melmeth,kmelmethbl@mapy.cz,Male
Malena,Kennsley,mkennsleybm@angelfire.com,Female
Hervey,Scala,hscalabn@github.io,Genderqueer
Prinz,Jiggins,pjigginsbo@princeton.edu,Male
Josy,Sabbin,jsabbinbp@jalbum.net,Female
Shirleen,Lujan,slujanbq@rediff.com,Female
Cello,Eadmead,ceadmeadbr@psu.edu,Male
Gallagher,Farris,gfarrisbs@forbes.com,Male
Nanny,Izakovitz,nizakovitzbt@twitter.com,Female
Jordon,Fee,jfeebu@fastcompany.com,Male
Quillan,Tibb,qtibbbv@blogs.com,Male
Abdul,Thackeray,athackeraybw@typepad.com,Male
Orrin,Huguet,ohuguetbx@1und1.de,Male
Daryl,Astman,dastmanby@scientificamerican.com,Male
Ellwood,Kensitt,ekensittbz@plala.or.jp,Male
Dionne,Bedell,dbedellc0@cornell.edu,Female
Dimitri,Barber,dbarberc1@microsoft.com,Male
Maegan,Vance,mvancec2@webeden.co.uk,Female
Lenci,Anfosso,lanfossoc3@github.com,Male
Orrin,Greenhough,ogreenhoughc4@exblog.jp,Male
Aurie,Snoxall,asnoxallc5@tamu.edu,Female
Meier,Haslock,mhaslockc6@arizona.edu,Male
Raf,Lambeth,rlambethc7@theatlantic.com,Female
Deidre,Ellson,dellsonc8@freewebs.com,Female
Marcelline,Drayson,mdraysonc9@telegraph.co.uk,Female
Kerri,Finch,kfinchca@google.fr,Female
Gretta,McRuvie,gmcruviecb@cnn.com,Genderqueer
Tiphanie,Ruhben,truhbencc@oracle.com,Female
Arel,Crole,acrolecd@parallels.com,Male
Blake,Illes,billesce@psu.edu,Male
Ailis,Marusic,amarusiccf@nih.gov,Female
Courtenay,Guiduzzi,cguiduzzicg@microsoft.com,Female
Nolan,Clopton,ncloptonch@blogger.com,Male
Aleda,Bradforth,abradforthci@google.ca,Non-binary
Eldridge,Farncomb,efarncombcj@bloglines.com,Male
Josefa,Pendell,jpendellck@youtube.com,Female
Halsey,Malatalant,hmalatalantcl@bloglines.com,Male
Maureen,Langhorn,mlanghorncm@hibu.com,Female
Frankie,Shipston,fshipstoncn@godaddy.com,Male
Kally,Bridell,kbridellco@diigo.com,Female
Pippy,Cartwright,pcartwrightcp@liveinternet.ru,Female
Raoul,Royds,rroydscq@chicagotribune.com,Male
Peter,Montfort,pmontfortcr@t-online.de,Male
Gabbey,Hollibone,ghollibonecs@statcounter.com,Female
Tonnie,Gannan,tgannanct@mit.edu,Male
Findley,Bartalucci,fbartaluccicu@paginegialle.it,Male
Matilde,Casaletto,mcasalettocv@tuttocitta.it,Non-binary
Andrea,O' Cuolahan,aocuolahancw@wikia.com,Male
Alberta,Jewer,ajewercx@amazon.de,Female
Shaw,Postin,spostincy@tiny.cc,Male
Gerri,Plevey,gpleveycz@china.com.cn,Polygender
Walther,Olensby,wolensbyd0@cdc.gov,Male
Nicki,Thewys,nthewysd1@eventbrite.com,Female
Johan,Toomer,jtoomerd2@google.com.br,Male
Davis,Parkinson,dparkinsond3@nhs.uk,Male
Arthur,Newbury,anewburyd4@webeden.co.uk,Male
Marshall,Morston,mmorstond5@japanpost.jp,Male
Mitzi,Knappett,mknappettd6@taobao.com,Female
Jacob,Slott,jslottd7@bbb.org,Male
Juliane,Riglesford,jriglesfordd8@bluehost.com,Female
Rosaleen,Joddens,rjoddensd9@berkeley.edu,Polygender
Dian,Ishak,dishakda@youtu.be,Female
Thibaud,Toone,ttoonedb@domainmarket.com,Male
Curr,Seiter,cseiterdc@google.de,Male
Jerry,Gladtbach,jgladtbachdd@comcast.net,Female
Kristoffer,Cuseck,kcuseckde@hc360.com,Male
Lonni,MacRory,lmacrorydf@joomla.org,Female
Eddy,Brideoke,ebrideokedg@yale.edu,Female
Cletus,Kann,ckanndh@spotify.com,Genderfluid
Dion,Easseby,deassebydi@infoseek.co.jp,Female
Phyllida,Crock,pcrockdj@tiny.cc,Female
Wilfred,Vedikhov,wvedikhovdk@imageshack.us,Male
Ellwood,Landal,elandaldl@seattletimes.com,Male
Annissa,Westfield,awestfielddm@chronoengine.com,Female
Stacee,Antoniak,santoniakdn@bloglovin.com,Female
Maddalena,Bevan,mbevando@deviantart.com,Female
Tessa,Pitfield,tpitfielddp@accuweather.com,Female
Glynnis,Vaudrey,gvaudreydq@so-net.ne.jp,Female
Cris,Klewer,cklewerdr@free.fr,Female
Sigfrid,Schneider,sschneiderds@usatoday.com,Male
Giacopo,Redler,gredlerdt@jugem.jp,Male
Dov,Lynde,dlyndedu@baidu.com,Male
Alta,Hodjetts,ahodjettsdv@bravesites.com,Female
Berton,Farfalameev,bfarfalameevdw@list-manage.com,Male
Sukey,Babbs,sbabbsdx@1und1.de,Female
Valentia,Beney,vbeneydy@reuters.com,Bigender
Wes,Babidge,wbabidgedz@lulu.com,Agender
Norman,Mayhow,nmayhowe0@eventbrite.com,Male
Lenna,Thomkins,lthomkinse1@furl.net,Female
Giovanni,Kyngdon,gkyngdone2@unesco.org,Male
Hildy,Karleman,hkarlemane3@icq.com,Female
Vail,Durant,vdurante4@sina.com.cn,Male
Suellen,Meredith,smeredithe5@digg.com,Female
Guenna,Vickors,gvickorse6@nba.com,Female
Crysta,Lambole,clambolee7@ezinearticles.com,Female
Fredrick,Abbyss,fabbysse8@senate.gov,Male
Mychal,Etoile,metoilee9@biglobe.ne.jp,Male
Helena,Schriren,hschrirenea@soup.io,Female
Zonnya,Windridge,zwindridgeeb@yelp.com,Female
Connie,Tinsley,ctinsleyec@unicef.org,Male
Nickey,Bower,nbowered@sakura.ne.jp,Male
Osmund,Simmank,osimmankee@home.pl,Genderqueer
Gui,De Ferraris,gdeferrarisef@usgs.gov,Female
Sabina,Pfeffel,spfeffeleg@microsoft.com,Female
Cherye,Duthie,cduthieeh@slashdot.org,Bigender
Aldo,Grumell,agrumellei@gizmodo.com,Male
Phil,Prinn,pprinnej@flavors.me,Polygender
Paddie,Bourdel,pbourdelek@hc360.com,Male
Gibb,Groomebridge,ggroomebridgeel@typepad.com,Male
Redford,Blackall,rblackallem@feedburner.com,Male
Staffard,Reddick,sreddicken@microsoft.com,Male
Clerissa,Cornewall,ccornewalleo@yolasite.com,Female
Weider,Karolczyk,wkarolczykep@networksolutions.com,Male
Ogden,Farleigh,ofarleigheq@exblog.jp,Male
Putnam,Mangam,pmangamer@dyndns.org,Male
Carmel,Iacovucci,ciacovuccies@toplist.cz,Female
Pinchas,Pennacci,ppennacciet@nps.gov,Male
Nev,Guidi,nguidieu@dot.gov,Male
Rafaelia,Gration,rgrationev@google.cn,Female
Carl,Cafferty,ccaffertyew@amazon.co.uk,Male
Ephraim,Zukierman,ezukiermanex@yolasite.com,Male
Lydon,Yokley,lyokleyey@spiegel.de,Male
Lotta,Toward,ltowardez@dyndns.org,Female
Misti,Jandera,mjanderaf0@cnet.com,Female
Rosalinda,Serrier,rserrierf1@census.gov,Female
Kalli,Hanscombe,khanscombef2@blog.com,Bigender
Averell,Perren,aperrenf3@i2i.jp,Male
Kaleb,Matanin,kmataninf4@list-manage.com,Male
Harry,Adriaan,hadriaanf5@trellian.com,Male
Arlan,Cosford,acosfordf6@csmonitor.com,Male
Sam,Spaughton,sspaughtonf7@sciencedaily.com,Male
Elwira,Lorrie,elorrief8@clickbank.net,Female
Kalina,Parke,kparkef9@webnode.com,Female
Ursula,Kinnach,ukinnachfa@yahoo.com,Female
Britni,Swapp,bswappfb@toplist.cz,Female
Kaile,Bardsley,kbardsleyfc@a8.net,Female
Grantley,Adamovicz,gadamoviczfd@upenn.edu,Male
Nicoli,Sandcraft,nsandcraftfe@redcross.org,Female
Esther,Clemot,eclemotff@google.com,Female
Rozanna,Keddie,rkeddiefg@xrea.com,Female
Zerk,Briat,zbriatfh@auda.org.au,Male
Townsend,Featherstone,tfeatherstonefi@creativecommons.org,Male
Margarette,Froment,mfromentfj@altervista.org,Female
Sophia,Earry,searryfk@merriam-webster.com,Female
Evanne,Haime,ehaimefl@google.nl,Female
Hogan,Ordelt,hordeltfm@techcrunch.com,Male
Prudence,Clacson,pclacsonfn@google.co.uk,Female
Lotty,Bullier,lbullierfo@walmart.com,Female
Julissa,Eaglestone,jeaglestonefp@facebook.com,Female
Ilsa,Ragles,iraglesfq@weebly.com,Female
Veronica,Cornforth,vcornforthfr@rediff.com,Female
Fonsie,Masterton,fmastertonfs@cbslocal.com,Male
Devora,Bointon,dbointonft@timesonline.co.uk,Female
Jesse,Suatt,jsuattfu@wikispaces.com,Female
Perren,Castellani,pcastellanifv@wiley.com,Male
Jackson,O'Dyvoie,jodyvoiefw@twitter.com,Male
Patricio,Bailes,pbailesfx@nationalgeographic.com,Polygender
Barnie,Brik,bbrikfy@youku.com,Male
Toni,Bein,tbeinfz@imageshack.us,Polygender
Rowland,Sanday,rsandayg0@netvibes.com,Male
Miller,Vaughan,mvaughang1@webeden.co.uk,Male
Lester,Murphey,lmurpheyg2@php.net,Male
Golda,Wyard,gwyardg3@upenn.edu,Female
Ellswerth,Kenrick,ekenrickg4@bloomberg.com,Male
Roy,Sackler,rsacklerg5@vimeo.com,Male
Sarina,Johannesson,sjohannessong6@forbes.com,Polygender
Alvie,Paulus,apaulusg7@utexas.edu,Male
Franny,Kenworthey,fkenwortheyg8@163.com,Female
Talbert,Ruoff,truoffg9@columbia.edu,Male
Ade,Leaton,aleatonga@bing.com,Male
Ophelia,Sothcott,osothcottgb@samsung.com,Female
Vasili,Rought,vroughtgc@youtube.com,Male
Garvey,Wincott,gwincottgd@home.pl,Male
Mohandis,Mandell,mmandellge@intel.com,Male
Iris,Griston,igristongf@nba.com,Agender
Eric,Driver,edrivergg@goo.ne.jp,Polygender
Kiel,Kobpac,kkobpacgh@wordpress.com,Male
Aurora,Crewes,acrewesgi@biglobe.ne.jp,Female
Arny,Rashleigh,arashleighgj@time.com,Male
Orlan,Bourgourd,obourgourdgk@ftc.gov,Male
Isidor,Leverson,ileversongl@mysql.com,Bigender
King,Asquith,kasquithgm@senate.gov,Genderfluid
Cathryn,Burgis,cburgisgn@theatlantic.com,Polygender
Regina,Yaknov,ryaknovgo@tripadvisor.com,Female
Hermann,Varndall,hvarndallgp@arizona.edu,Male
Sandra,Aistrop,saistropgq@ezinearticles.com,Female
Dorelle,Etheridge,detheridgegr@w3.org,Female
Millard,Ivanilov,mivanilovgs@rambler.ru,Male
Dusty,Howford,dhowfordgt@acquirethisname.com,Female
Elsa,Neame,eneamegu@reuters.com,Female
Caye,Tremollet,ctremolletgv@samsung.com,Female
Bonny,Burnup,bburnupgw@skyrock.com,Female
Sydney,Cavalier,scavaliergx@go.com,Female
Gerty,Dominique,gdominiquegy@theglobeandmail.com,Female
Gilbertina,Labone,glabonegz@hatena.ne.jp,Female
Alexio,Zupa,azupah0@ucoz.com,Male
Cornell,Gibke,cgibkeh1@nsw.gov.au,Male
Amalea,Lefridge,alefridgeh2@msn.com,Female
Aylmer,Starten,astartenh3@va.gov,Polygender
Marybeth,Leathwood,mleathwoodh4@tripod.com,Female
Jamal,Bazylets,jbazyletsh5@baidu.com,Male
Dalis,Alloisi,dalloisih6@cdc.gov,Male
Wernher,Jizhaki,wjizhakih7@psu.edu,Bigender
Rena,Choldcroft,rcholdcrofth8@thetimes.co.uk,Female
Delinda,Gerckens,dgerckensh9@sciencedaily.com,Female
Emylee,Pixton,epixtonha@slideshare.net,Female
Skipper,Dewsnap,sdewsnaphb@dmoz.org,Genderqueer
Anne,Dyter,adyterhc@loc.gov,Female
Aggi,Folomin,afolominhd@samsung.com,Female
Jordanna,Royl,jroylhe@businessweek.com,Polygender
Yvonne,Swiggs,yswiggshf@mashable.com,Female
Eric,Wysome,ewysomehg@nationalgeographic.com,Male
Franklin,Castro,fcastrohh@people.com.cn,Male
Jermain,Schimon,jschimonhi@bbc.co.uk,Male
Hedvig,Haw,hhawhj@goo.ne.jp,Female
Mirabella,Keave,mkeavehk@cdbaby.com,Female
Cahra,Cassels,ccasselshl@marriott.com,Genderqueer
Reinold,Jacox,rjacoxhm@geocities.jp,Male
Vita,Sallis,vsallishn@weather.com,Female
Boot,Murtimer,bmurtimerho@etsy.com,Male
Jania,Tessier,jtessierhp@delicious.com,Female
Markos,Beers,mbeershq@scientificamerican.com,Agender
Gordan,Cosgry,gcosgryhr@washingtonpost.com,Male
Grange,Grastye,ggrastyehs@printfriendly.com,Male
Felicle,Stickles,fsticklesht@discovery.com,Female
Nelia,Fraczek,nfraczekhu@shop-pro.jp,Female
Gilberta,Gadsden,ggadsdenhv@oakley.com,Female
Gigi,Deery,gdeeryhw@seesaa.net,Non-binary
Jillana,Clement,jclementhx@google.ru,Female
Steffane,MacParland,smacparlandhy@usatoday.com,Female
Rubin,Tolcher,rtolcherhz@flickr.com,Male
Tiphanie,Grady,tgradyi0@icio.us,Female
Enrika,Wreford,ewrefordi1@phpbb.com,Female
Gav,Drysdell,gdrysdelli2@tinypic.com,Male
Breanne,Moir,bmoiri3@skype.com,Female
Ernest,Rosenhaus,erosenhausi4@digg.com,Male
Trever,Pendre,tpendrei5@wikia.com,Male
Liza,Umbert,lumberti6@booking.com,Female
Gwenora,Ovington,govingtoni7@flavors.me,Female
Brett,Loxley,bloxleyi8@loc.gov,Female
Randene,Bathowe,rbathowei9@youtube.com,Female
Juanita,Spiniello,jspinielloia@creativecommons.org,Female
Madalena,Savaage,msavaageib@twitpic.com,Female
Wanda,Kleynen,wkleynenic@gravatar.com,Female
Anton,Stratton,astrattonid@globo.com,Male
Nevins,Aggus,naggusie@amazon.de,Male
Zsa zsa,Wong,zwongif@washingtonpost.com,Female
Evyn,Halburton,ehalburtonig@noaa.gov,Male
Judd,Matovic,jmatovicih@exblog.jp,Male
Shay,Gladstone,sgladstoneii@tinyurl.com,Male
Kimmie,Jukes,kjukesij@bigcartel.com,Female
Fraze,Rathbone,frathboneik@bloglovin.com,Male
Rodney,Burston,rburstonil@tmall.com,Male
Margalit,Aldwich,maldwichim@unicef.org,Female
Andie,Gibson,agibsonin@shutterfly.com,Female
Lanna,Manlow,lmanlowio@scientificamerican.com,Female
Marcile,Skoof,mskoofip@last.fm,Female
Gage,Moxham,gmoxhamiq@rakuten.co.jp,Male
Robinetta,Sollas,rsollasir@netscape.com,Female
Marlena,Robertucci,mrobertucciis@cam.ac.uk,Female
Yetty,Mealham,ymealhamit@mediafire.com,Female
Lorinda,Scaice,lscaiceiu@digg.com,Female
Crista,Ghilardini,cghilardiniiv@woothemes.com,Bigender
Taylor,Kinloch,tkinlochiw@csmonitor.com,Male
Renae,Ianilli,rianilliix@youtu.be,Female
Edlin,Featley,efeatleyiy@ning.com,Male
Hazel,Holyard,hholyardiz@csmonitor.com,Male
Chadd,Lawes,clawesj0@i2i.jp,Male
Parke,Stendell,pstendellj1@flickr.com,Male
Julia,Dufoure,jdufourej2@seattletimes.com,Female
Mead,Armiger,marmigerj3@apple.com,Male
Coop,Tumioto,ctumiotoj4@admin.ch,Male
Hannah,Paladino,hpaladinoj5@instagram.com,Non-binary
Caren,Alekhov,calekhovj6@indiatimes.com,Female
Mona,Guthrie,mguthriej7@meetup.com,Female
Liuka,Busse,lbussej8@smh.com.au,Genderfluid
Jeanine,Arsnell,jarsnellj9@rambler.ru,Female
Nolana,Emeline,nemelineja@wiley.com,Female
Elisa,Ishchenko,eishchenkojb@bloglovin.com,Female
Niki,Cruden,ncrudenjc@diigo.com,Female
Cosme,Steanyng,csteanyngjd@behance.net,Male
Vinni,Blanket,vblanketje@hao123.com,Female
Lorinda,Kynaston,lkynastonjf@disqus.com,Female
Turner,Pentecust,tpentecustjg@blogspot.com,Male
Lorrie,Walenta,lwalentajh@cornell.edu,Male
Faulkner,Storah,fstorahji@shop-pro.jp,Male
Stacy,Wolfenden,swolfendenjj@nsw.gov.au,Female
Tessy,Arkcoll,tarkcolljk@creativecommons.org,Non-binary
Pepi,Branston,pbranstonjl@senate.gov,Non-binary
Hewett,Silmon,hsilmonjm@sitemeter.com,Male
Somerset,Flipsen,sflipsenjn@paginegialle.it,Male
Vivia,Woolway,vwoolwayjo@shinystat.com,Genderfluid
Tamera,Boick,tboickjp@zimbio.com,Female
Major,Bunn,mbunnjq@qq.com,Male
Ber,Wilcock,bwilcockjr@cisco.com,Male
Maynard,Derycot,mderycotjs@youtube.com,Male
Hube,Meachem,hmeachemjt@skyrock.com,Male
Angelina,Gail,agailju@jiathis.com,Female
Sileas,Haken,shakenjv@dmoz.org,Female
Margarete,Pashba,mpashbajw@storify.com,Female
Cassondra,Tirrell,ctirrelljx@github.com,Female
Kleon,Shambrook,kshambrookjy@t.co,Male
Coralie,Baldacco,cbaldaccojz@yolasite.com,Female
Fallon,Vasin,fvasink0@scientificamerican.com,Female
Willem,Castanho,wcastanhok1@51.la,Male
Eustace,Gingel,egingelk2@wikia.com,Agender
Mureil,Cromarty,mcromartyk3@last.fm,Female
Edmon,Borrie,eborriek4@123-reg.co.uk,Male
Obidiah,Furlonge,ofurlongek5@apple.com,Male
Bev,Fipp,bfippk6@cnet.com,Male
Madge,Clemoes,mclemoesk7@huffingtonpost.com,Female
Morten,Kermott,mkermottk8@gravatar.com,Male
Gael,Gilardoni,ggilardonik9@intel.com,Female
Joane,Patridge,jpatridgeka@techcrunch.com,Female
Martina,Bendixen,mbendixenkb@elpais.com,Female
Erik,Firle,efirlekc@amazon.de,Male
Emiline,Sapey,esapeykd@blog.com,Non-binary
Wallie,Sherman,wshermanke@tumblr.com,Male
Armin,Kleeman,akleemankf@joomla.org,Male
Edythe,Satterly,esatterlykg@joomla.org,Female
Kerrie,Brittin,kbrittinkh@nytimes.com,Female
Hamel,Fewell,hfewellki@whitehouse.gov,Male
Dorette,Vidgen,dvidgenkj@webs.com,Female
Tyrus,Stephens,tstephenskk@prnewswire.com,Male
Nigel,Mil,nmilkl@msn.com,Male
Kayla,Cochrane,kcochranekm@moonfruit.com,Female
Humfrid,Atherley,hatherleykn@hugedomains.com,Male
Perl,Halvorsen,phalvorsenko@github.com,Female
Gabie,Brabender,gbrabenderkp@barnesandnoble.com,Male
Thomasa,Gilbody,tgilbodykq@oracle.com,Female
Vin,Lightman,vlightmankr@furl.net,Polygender
Darlleen,Tuffley,dtuffleyks@lycos.com,Female
Derrick,Gounard,dgounardkt@canalblog.com,Male
Lolita,Whiteland,lwhitelandku@jalbum.net,Female
Marla,Curnock,mcurnockkv@virginia.edu,Female
Francois,Bowdrey,fbowdreykw@hhs.gov,Male
Selma,Barrat,sbarratkx@livejournal.com,Female
Dulsea,Elcock,delcockky@about.com,Female
Jude,Hartlebury,jhartleburykz@home.pl,Genderqueer
Tonie,Gomez,tgomezl0@fc2.com,Female
Monte,Willan,mwillanl1@bigcartel.com,Male
Brenden,Dobbs,bdobbsl2@google.ru,Male
Porter,Kears,pkearsl3@t.co,Male
Clywd,Costellow,ccostellowl4@about.com,Male
Malcolm,Storror,mstorrorl5@gnu.org,Male
Maible,Brentnall,mbrentnalll6@cargocollective.com,Female
Robbi,Aberkirder,raberkirderl7@flickr.com,Non-binary
Devina,Lycett,dlycettl8@cmu.edu,Female
Karee,Putman,kputmanl9@google.de,Female
Leandra,Christoffersen,lchristoffersenla@si.edu,Female
Rosaline,Gillingwater,rgillingwaterlb@fda.gov,Female
Halley,Wagerfield,hwagerfieldlc@goo.gl,Female
Griswold,Aris,garisld@tuttocitta.it,Male
Earlie,McArdell,emcardellle@walmart.com,Male
Way,Cust,wcustlf@so-net.ne.jp,Male
Camala,Deedes,cdeedeslg@latimes.com,Genderqueer
Avery,Gelderd,agelderdlh@answers.com,Agender
Hendrick,Nazair,hnazairli@toplist.cz,Male
Kristy,Wortley,kwortleylj@hostgator.com,Female
Geneva,Escalera,gescaleralk@alibaba.com,Female
Jewel,Bamber,jbamberll@amazon.co.uk,Female
Francklin,Gage,fgagelm@nsw.gov.au,Male
Frants,Barnewille,fbarnewilleln@cam.ac.uk,Male
Celia,Karlicek,ckarliceklo@canalblog.com,Female
Neddy,OIlier,noilierlp@mit.edu,Male
Judye,Digger,jdiggerlq@ocn.ne.jp,Female
Billy,Aulton,baultonlr@clickbank.net,Male
Pollyanna,Holsey,pholseyls@engadget.com,Female
Elbert,Crosser,ecrosserlt@umn.edu,Male
Mikey,Nurny,mnurnylu@baidu.com,Male
Quill,Cordeiro,qcordeirolv@google.co.uk,Male
Tamera,Glanville,tglanvillelw@vistaprint.com,Female
Mathilda,Durram,mdurramlx@hud.gov,Female
Bordie,Holyard,bholyardly@reuters.com,Male
Damiano,Rickis,drickislz@fema.gov,Male
Terence,Kingwell,tkingwellm0@prnewswire.com,Male
Maia,Rabjohns,mrabjohnsm1@google.ca,Female
Giorgio,Raddenbury,graddenburym2@yolasite.com,Male
Mariquilla,Dumblton,mdumbltonm3@spotify.com,Female
Jason,Shrieves,jshrievesm4@prnewswire.com,Male
Rosabella,Swaile,rswailem5@gnu.org,Agender
Mady,Eastbrook,meastbrookm6@ucsd.edu,Female
Marj,Tarver,mtarverm7@google.it,Female
Marilyn,Fortesquieu,mfortesquieum8@paginegialle.it,Female
Gianni,Gorman,ggormanm9@fastcompany.com,Male
Deborah,Orys,dorysma@xinhuanet.com,Female
Edmon,Maiklem,emaiklemmb@homestead.com,Male
Mehetabel,Schenfisch,mschenfischmc@jugem.jp,Female
Eleanore,Trenholm,etrenholmmd@microsoft.com,Female
Geoff,Goves,ggovesme@sina.com.cn,Male
Tony,Viney,tvineymf@weather.com,Agender
Debra,Franceschi,dfranceschimg@va.gov,Female
Garvey,Horsefield,ghorsefieldmh@abc.net.au,Male
Celle,Stelfox,cstelfoxmi@bizjournals.com,Female
Hedwig,Fernihough,hfernihoughmj@ask.com,Female
Neal,Tarren,ntarrenmk@clickbank.net,Male
Malissia,Geekin,mgeekinml@fda.gov,Female
Jean,Devenny,jdevennymm@marketwatch.com,Male
Simeon,Crosland,scroslandmn@1und1.de,Male
Gian,Farney,gfarneymo@sina.com.cn,Male
Raychel,Rushbrooke,rrushbrookemp@timesonline.co.uk,Female
Margit,Kelcey,mkelceymq@adobe.com,Female
Alex,Pargent,apargentmr@php.net,Male
Elbert,Indgs,eindgsms@wufoo.com,Male
Quintin,Basilone,qbasilonemt@barnesandnoble.com,Male
Innis,Mechi,imechimu@diigo.com,Male
Ivett,Lipsett,ilipsettmv@hud.gov,Genderfluid
Pepi,Waples,pwaplesmw@eepurl.com,Female
Loretta,Frudd,lfruddmx@barnesandnoble.com,Female
Shanan,De Francisci,sdefranciscimy@newsvine.com,Genderfluid
Orland,Blaxton,oblaxtonmz@digg.com,Polygender
Charlie,Mitchiner,cmitchinern0@chicagotribune.com,Male
Phil,McKerlie,pmckerlien1@jugem.jp,Male
Syd,Macauley,smacauleyn2@ehow.com,Male
Dorolisa,Bardey,dbardeyn3@photobucket.com,Female
Claribel,Catton,ccattonn4@domainmarket.com,Female
Sande,Tibbits,stibbitsn5@sun.com,Female
Andromache,Rattery,aratteryn6@gravatar.com,Female
Claus,Jull,cjulln7@google.com.au,Male
Eunice,Sexti,esextin8@virginia.edu,Female
Horatius,Polet,hpoletn9@is.gd,Male
Catie,Birdwhistell,cbirdwhistellna@columbia.edu,Bigender
Chase,Bexley,cbexleynb@theglobeandmail.com,Male
Hermy,Whebell,hwhebellnc@google.de,Male
Fair,Salerno,fsalernond@unesco.org,Male
Janith,Kleinstein,jkleinsteinne@sciencedirect.com,Female
Vanny,Castillon,vcastillonnf@cocolog-nifty.com,Female
Hagan,Briskey,hbriskeyng@about.me,Male
Normy,Gunton,nguntonnh@biglobe.ne.jp,Male
Saloma,Kleuer,skleuerni@uiuc.edu,Polygender
Ashli,Aspinwall,aaspinwallnj@jugem.jp,Female
Tuckie,Bracknall,tbracknallnk@miibeian.gov.cn,Male
Stanleigh,Barti,sbartinl@cbslocal.com,Male
Antons,Flaunders,aflaundersnm@toplist.cz,Male
Ives,Priestley,ipriestleynn@google.ca,Male
Kamila,Camel,kcamelno@miitbeian.gov.cn,Female
Viva,L'Hommee,vlhommeenp@telegraph.co.uk,Female
Franklin,Gumly,fgumlynq@ibm.com,Male
Edwin,Jeffray,ejeffraynr@printfriendly.com,Male
Cassandre,Stichel,cstichelns@prnewswire.com,Female
Alicea,Powys,apowysnt@parallels.com,Female
Staffard,Di Giorgio,sdigiorgionu@aol.com,Male
Sofie,Tremberth,stremberthnv@typepad.com,Female
Nikita,Twining,ntwiningnw@illinois.edu,Male
Rhodie,Filliskirk,rfilliskirknx@squarespace.com,Female
Anestassia,Millmore,amillmoreny@ibm.com,Female
Patrick,Wike,pwikenz@hao123.com,Male
Franz,Wilkie,fwilkieo0@biglobe.ne.jp,Male
Stillmann,Bearward,sbearwardo1@zdnet.com,Genderqueer
Sergio,Castiblanco,scastiblancoo2@mit.edu,Non-binary
Desmond,Males,dmaleso3@icq.com,Male
Arielle,Conwell,aconwello4@cargocollective.com,Female
Cal,Snailham,csnailhamo5@cyberchimps.com,Male
Bartholomew,Regnard,bregnardo6@msn.com,Male
Hillier,Dursley,hdursleyo7@who.int,Male
Vida,Ottewill,vottewillo8@examiner.com,Female
Florentia,Hambly,fhamblyo9@smh.com.au,Genderfluid
Giff,Lomaz,glomazoa@spiegel.de,Male
Katerine,Deverick,kdeverickob@jimdo.com,Female
Galina,Mityashin,gmityashinoc@dailymotion.com,Female
Trula,Checcucci,tcheccucciod@4shared.com,Female
Skylar,Eayres,seayresoe@behance.net,Male
Pyotr,Wyldes,pwyldesof@sohu.com,Male
Gerik,Skip,gskipog@cloudflare.com,Male
Bryn,Jacquet,bjacquetoh@purevolume.com,Male
Chelsy,Smidmor,csmidmoroi@furl.net,Female
Eugene,Metzig,emetzigoj@acquirethisname.com,Male
Addy,Rundall,arundallok@mozilla.com,Genderfluid
Lonna,Faircloth,lfairclothol@jalbum.net,Female
Aurelie,Pampling,apamplingom@skype.com,Female
Crissie,Celloni,ccellonion@ameblo.jp,Female
Rosaleen,Whatley,rwhatleyoo@census.gov,Female
Yuri,Calender,ycalenderop@zimbio.com,Male
Nicolea,Godfrey,ngodfreyoq@e-recht24.de,Female
Matt,Kamena,mkamenaor@auda.org.au,Male
Lita,Killough,lkilloughos@virginia.edu,Female
Eric,Milton-White,emiltonwhiteot@weather.com,Male
Rolph,Kerwood,rkerwoodou@buzzfeed.com,Male
Cosetta,Everson,ceversonov@cisco.com,Genderqueer
Alonso,Matthius,amatthiusow@java.com,Male
Hakim,O' Connell,hoconnellox@sbwire.com,Bigender
Maggy,Ellesmere,mellesmereoy@eepurl.com,Female
Courtnay,McArley,cmcarleyoz@weibo.com,Female
Margarete,Fendlow,mfendlowp0@geocities.com,Female
Morie,Magrane,mmagranep1@nps.gov,Male
Wynnie,Arlett,warlettp2@tmall.com,Female
Grace,Badgers,gbadgersp3@nasa.gov,Female
Graeme,Penhallurick,gpenhallurickp4@paginegialle.it,Male
Tammie,Stonard,tstonardp5@nhs.uk,Male
Linnea,Rosengren,lrosengrenp6@state.gov,Female
Maurice,Frantzen,mfrantzenp7@ucsd.edu,Male
Denny,Gimlet,dgimletp8@boston.com,Female
Jereme,Reuss,jreussp9@barnesandnoble.com,Male
Opaline,Winchcomb,owinchcombpa@google.fr,Female
Andra,Maryin,amaryinpb@state.gov,Female
Roy,Vannah,rvannahpc@amazon.co.uk,Male
Guinna,Logue,gloguepd@dell.com,Female
Kris,Naldrett,knaldrettpe@xing.com,Female
Finley,Fadian,ffadianpf@businessweek.com,Male
Leo,Witchard,lwitchardpg@dropbox.com,Male
Libbie,Robjents,lrobjentsph@netlog.com,Female
Reed,Paragreen,rparagreenpi@mapquest.com,Male
Foss,Sanbrooke,fsanbrookepj@prlog.org,Genderfluid
Halimeda,Spaughton,hspaughtonpk@bloglines.com,Female
Brandice,Tommasi,btommasipl@google.cn,Female
Tiffani,Jerrolt,tjerroltpm@businessweek.com,Female
Hyacinthia,Poplee,hpopleepn@nationalgeographic.com,Female
Carol-jean,Connechie,cconnechiepo@privacy.gov.au,Female
Tommie,Shepard,tshepardpp@ifeng.com,Male
Krishnah,Bengtsson,kbengtssonpq@mayoclinic.com,Male
Lanni,Rubinsohn,lrubinsohnpr@fotki.com,Female
Ed,Kohter,ekohterps@techcrunch.com,Male
Lonnie,Helwig,lhelwigpt@google.pl,Female
Fonz,Cawdery,fcawderypu@naver.com,Male
Debora,Dallimare,ddallimarepv@unesco.org,Female
Shannon,Di Boldi,sdiboldipw@multiply.com,Male
Vassily,O' Donohoe,vodonohoepx@surveymonkey.com,Male
Kristen,Cradock,kcradockpy@cbsnews.com,Female
Cristiano,Portail,cportailpz@redcross.org,Male
Algernon,Robbe,arobbeq0@sitemeter.com,Male
Sophi,Curston,scurstonq1@cyberchimps.com,Female
Curr,Brusin,cbrusinq2@exblog.jp,Male
Jeniffer,Marden,jmardenq3@icio.us,Female
Gaultiero,Cappell,gcappellq4@eventbrite.com,Male
Eduardo,Kruschev,ekruschevq5@sohu.com,Male
Christie,Joel,cjoelq6@google.ca,Female
Shaine,Beloe,sbeloeq7@constantcontact.com,Male
Madalyn,Gusney,mgusneyq8@spiegel.de,Female
Hilly,Mirando,hmirandoq9@constantcontact.com,Male
Calida,Riehm,criehmqa@phpbb.com,Agender
Tyler,Weatherhogg,tweatherhoggqb@ucla.edu,Male
Tades,Radbourne,tradbourneqc@plala.or.jp,Male
Layne,Haynes,lhaynesqd@tumblr.com,Non-binary
Gnni,Garrelts,ggarreltsqe@marriott.com,Female
Jeromy,Denisard,jdenisardqf@arizona.edu,Male
Jenn,Mosten,jmostenqg@statcounter.com,Female
Zebulon,Carillo,zcarilloqh@ebay.com,Male
Garnet,Leheude,gleheudeqi@mail.ru,Female
Nertie,Brodeau,nbrodeauqj@npr.org,Female
Justinian,Spatari,jspatariqk@ucsd.edu,Male
Crystal,Bradford,cbradfordql@nps.gov,Female
Carmelle,Ratchford,cratchfordqm@hc360.com,Female
Jarrid,Paylor,jpaylorqn@bigcartel.com,Male
Ede,Blatherwick,eblatherwickqo@list-manage.com,Female
Rudolfo,Harriman,rharrimanqp@columbia.edu,Male
Micki,Senechell,msenechellqq@prlog.org,Female
Kirk,Reddington,kreddingtonqr@hp.com,Male
Timoteo,Pinchen,tpinchenqs@wordpress.org,Male
Rochella,Gillogley,rgillogleyqt@github.com,Female
Liana,McCabe,lmccabequ@eepurl.com,Female
Nathalie,Peddowe,npeddoweqv@oracle.com,Female
Harriet,Boydle,hboydleqw@zdnet.com,Female
Asia,Westerman,awestermanqx@dion.ne.jp,Female
Fredek,Bedder,fbedderqy@ifeng.com,Male
Amii,Stolting,astoltingqz@oakley.com,Female
Dina,Scare,dscarer0@blinklist.com,Female
Kelly,Prosek,kprosekr1@typepad.com,Female
Remington,Dimbleby,rdimblebyr2@is.gd,Male
Granger,Scogings,gscogingsr3@bandcamp.com,Male
Lorie,Kyteley,lkyteleyr4@intel.com,Female
Shir,Schruyer,sschruyerr5@japanpost.jp,Agender
Merell,Cocking,mcockingr6@mediafire.com,Male
Danyelle,Matonin,dmatoninr7@psu.edu,Female
Robbie,Leavens,rleavensr8@sphinn.com,Female
Flory,Flacke,fflacker9@t-online.de,Female
Janel,Ledger,jledgerra@bandcamp.com,Female
Ludwig,Peery,lpeeryrb@ted.com,Male
Stefa,Kenningham,skenninghamrc@illinois.edu,Female
Nev,Elizabeth,nelizabethrd@howstuffworks.com,Male
Mildrid,Juggings,mjuggingsre@army.mil,Female
Adriano,Crabtree,acrabtreerf@un.org,Male
Luciana,Scotfurth,lscotfurthrg@toplist.cz,Female
Betsey,Fogden,bfogdenrh@icq.com,Bigender
Gaye,Wallenger,gwallengerri@google.fr,Female
Lorrie,Dredge,ldredgerj@reference.com,Polygender
Vanna,Silbert,vsilbertrk@ehow.com,Female
Dory,Hinchshaw,dhinchshawrl@joomla.org,Female
Padgett,Middell,pmiddellrm@exblog.jp,Male
Neall,Maudsley,nmaudsleyrn@rakuten.co.jp,Male
Antony,Fausset,afaussetro@angelfire.com,Male
Grove,Meanwell,gmeanwellrp@sourceforge.net,Male
Clotilda,Tompkins,ctompkinsrq@google.com.hk,Agender
Ely,Joplin,ejoplinrr@taobao.com,Polygender